Rk,,Age,G,GS,MP,FG,FGA,FG%,3P,3PA,3P%,2P,2PA,2P%,eFG%,FT,FTA,FT%,ORB,DRB,TRB,AST,STL,BLK,TOV,PF,PTS,TSA,Pt/TSA,Adj. Pts,Possessions,ThreshPts,Adj Pt,FGA,FTA,3FG,AST,TO,ORB,DRB,TRB,STL,BLK,PF,% of TRB,% of STL,% of PF,% of AST,% of BLK,% of ThreshPts,Position,Pos Num,Est Pos 1,Min Adj 1,Trim 1,Tm Avg 1,Adj Pos 2,Trim 2,Tm Avg 2,Adj Pos 3,Trim 3,Tm Avg 3,Adj Pos 4,Position,Est Off. Role 1,Min Adj 1,Trim 1,Tm Avg 1,Adj Off. Role 2,Trim 2,Tm Avg 2,Adj Off. Role 3,Trim 3,Tm Avg 3,Adj Off. Role 4,Offensive Role,Player,Adj. Pt,FGA,FTA,3FG,AST,TO,ORB,DRB,TRB,STL,BLK,PF,Scoring,Ballhandling,Rebounding,Defense,Pos Const,Raw BPM,% Min,Contrib,Player,Adj. Pt,FGA,FTA,3FG,AST,TO,ORB,DRB,TRB,STL,BLK,PF,Scoring,Ballhandling,Rebounding,Defense,Pos Const,Raw OBPM,% Min,Contrib,Player,Pos,Off. Role,Minutes,MPG,BPM,OBPM,DBPM,Contrib,VORP,ReMPG,ReMin,ExpBPM,ReBPM,ReOBPM,ReDBPM
1,Megan Stevenson,21,2,,3,0,0,,0,0,,0,0,,,0,0,,0,0,0,0,0,0,4,0,0,0,0.00,0.0,6,0,0.0,0.0,0.0,0.0,0.0,66.6,0.0,0.0,0.0,0.0,0.0,0.0,0.0%,0.0%,0.0%,0.0%,0.0%,0.0%,SF,3,2.1,3.0,3.0,2.94,3.0,3.0,2.98,3.0,3.0,3.00,3.0,3.0,6.0,4.1,4.1,3.01,4.1,4.1,3.00,4.1,4.1,3.00,4.1,4.1,Megan Stevenson,0.860,-0.731,-0.321,0.389,0.811,-0.964,0.393,0.149,0.000,1.186,1.010,-0.367,0.0,-64.2,0.0,0.0,1.5,-62.7,0.4%,-0.2,Megan Stevenson,0.605,-0.440,-0.194,0.477,0.476,-0.733,0.513,-0.003,0.000,0.236,0.406,-0.439,0.0,-48.8,0.0,0.0,0.5,-48.4,0.4%,-0.2,Megan Stevenson (1st),3.0,4.1,3,1.5,-67.1,-50.2,-16.9,-0.2,-0.23,0.5,149.0,-4.7,-5.9,-5.6,-0.3
2,Shaylee Gonzales,21,21,,715,154,327,0.471,34,105,0.324,120,222,0.54,,47,64,0.734,46,63,109,78,50,4,66,39,389,355,1.10,365.4,1431,127,25.5,22.9,4.5,2.4,5.5,4.6,3.2,4.4,7.6,3.5,0.3,2.7,18.0%,37.9%,13.4%,25.9%,5.1%,33.0%,SG,2,2.0,2.0,2.0,2.94,2.1,2.1,2.98,2.1,2.1,3.00,2.1,2.1,1.5,1.6,1.6,3.01,1.6,1.6,3.00,1.6,1.6,3.00,1.6,1.6,Shaylee Gonzales,0.860,-0.594,-0.261,0.389,0.708,-0.964,0.492,0.134,0.000,1.268,1.152,-0.367,8.1,-0.6,2.2,3.8,-2.3,11.2,85.1%,9.5,Shaylee Gonzales,0.605,-0.352,-0.155,0.477,0.476,-0.664,0.554,-0.052,0.000,0.210,0.548,-0.439,7.8,-0.5,1.6,-0.3,-1.3,7.3,85.1%,6.2,Shaylee Gonzales (3rd),2.1,1.6,715,34.0,6.8,5.4,1.3,5.8,7.47,28.6,0.0,0.3,6.8,5.4,1.3
3,Kate Vorwaller,21,3,,6,2,3,0.667,1,1,1,1,2,0.5,,0,2,0,0,0,0,0,1,0,1,2,5,4,1.29,4.7,12,2,39.5,25.0,16.7,8.3,0.0,8.3,0.0,0.0,0.0,8.3,0.0,16.7,0.0%,90.3%,81.9%,0.0%,0.0%,66.1%,PG,1,0.7,1.0,1.0,2.94,1.0,1.0,2.98,1.0,1.0,3.00,1.0,1.0,0.4,3.6,3.6,3.01,3.6,3.6,3.00,3.6,3.6,3.00,3.6,3.6,Kate Vorwaller,0.860,-0.703,-0.309,0.389,0.586,-0.964,0.608,0.117,0.000,1.365,1.319,-0.367,14.5,-8.0,0.0,5.3,0.0,11.7,0.7%,0.1,Kate Vorwaller,0.605,-0.422,-0.186,0.477,0.476,-0.583,0.604,-0.109,0.000,0.178,0.717,-0.439,14.2,-4.9,0.0,-5.8,-1.4,2.1,0.7%,0.0,Kate Vorwaller (1st),1.0,3.6,6,2.0,7.3,0.3,7.0,0.1,0.07,0.9,148.0,-4.6,-4.1,-4.4,0.3
4,Devry Millett,21,7,,14,1,6,0.167,0,2,0,1,4,0.25,,0,0,,0,0,0,0,1,0,2,1,2,6,0.33,1.6,28,-2,5.7,21.4,0.0,0.0,0.0,7.1,0.0,0.0,0.0,3.6,0.0,3.6,0.0%,38.7%,17.5%,0.0%,0.0%,-32.0%,SG,2,1.3,1.9,1.9,2.94,1.9,1.9,2.98,1.9,1.9,3.00,1.9,1.9,8.7,5.0,5.0,3.01,5.0,5.0,3.00,5.0,5.0,3.00,5.0,5.0,Devry Millett,0.860,-0.780,-0.343,0.389,0.686,-0.964,0.512,0.131,0.000,1.284,1.181,-0.367,-11.8,-6.9,0.0,3.3,2.3,-13.1,1.7%,-0.2,Devry Millett,0.605,-0.472,-0.208,0.477,0.476,-0.650,0.563,-0.062,0.000,0.204,0.578,-0.439,-6.7,-4.6,0.0,-0.8,0.0,-12.2,1.7%,-0.2,Devry Millett (2nd),1.9,5.0,14,2.0,-17.5,-14.0,-3.5,-0.3,-0.26,1.3,145.3,-4.5,-5.7,-5.4,-0.3
5,Maria Albiero,21,21,,632,41,117,0.35,16,61,0.262,25,56,0.446,,23,27,0.852,5,58,63,69,14,1,42,41,121,129,0.94,112.4,1265,26,8.9,9.3,2.1,1.3,5.5,3.3,0.4,4.6,5.0,1.1,0.1,3.2,11.7%,12.0%,15.9%,25.9%,1.4%,7.6%,PG,1,2.1,2.0,2.0,2.94,2.1,2.1,2.98,2.1,2.1,3.00,2.1,2.1,3.6,3.7,3.7,3.01,3.6,3.6,3.00,3.6,3.6,3.00,3.6,3.6,Maria Albiero,0.860,-0.705,-0.310,0.389,0.707,-0.964,0.493,0.134,0.000,1.268,1.153,-0.367,0.9,0.7,0.8,0.3,0.5,3.2,75.3%,2.4,Maria Albiero,0.605,-0.424,-0.186,0.477,0.476,-0.663,0.555,-0.052,0.000,0.210,0.550,-0.439,1.7,0.4,0.0,-1.1,-0.5,0.4,75.3%,0.3,Maria Albiero (4th),2.1,3.6,632,30.1,-1.2,-1.4,0.2,-0.9,0.62,25.3,0.0,-0.3,-1.2,-1.4,0.2
6,Tegan Graham,21,21,,511,62,127,0.488,33,75,0.44,29,52,0.558,,8,12,0.667,13,48,61,44,15,11,30,47,165,132,1.25,156.2,1023,68,15.3,12.4,1.2,3.2,4.3,2.9,1.3,4.7,6.0,1.5,1.1,4.6,14.1%,15.9%,22.6%,20.4%,19.4%,24.5%,SG,2,2.8,2.7,2.7,2.94,2.8,2.8,2.98,2.8,2.8,3.00,2.8,2.8,2.6,2.7,2.7,3.01,2.7,2.7,3.00,2.7,2.7,3.00,2.7,2.7,Tegan Graham,0.860,-0.652,-0.287,0.389,0.783,-0.964,0.420,0.145,0.000,1.207,1.048,-0.367,6.0,0.5,1.2,1.2,-0.5,8.4,60.8%,5.1,Tegan Graham,0.605,-0.389,-0.171,0.477,0.476,-0.715,0.524,-0.016,0.000,0.229,0.444,-0.439,5.7,0.0,0.6,-1.2,-0.3,4.8,60.8%,2.9,Tegan Graham (5th),2.8,2.7,511,24.3,4.0,2.9,1.0,2.4,3.63,20.4,0.0,-1.2,4.0,2.9,1.0
7,Kaylee Smiler,21,20,,334,22,57,0.386,17,43,0.395,5,14,0.357,,2,2,1,2,20,22,24,12,7,15,25,63,58,1.09,59.2,668,20,8.8,8.5,0.3,2.5,3.6,2.2,0.3,3.0,3.3,1.8,1.0,3.7,7.8%,19.5%,18.4%,17.0%,18.9%,11.3%,PG,1,2.2,2.1,2.1,2.94,2.1,2.1,2.98,2.1,2.1,3.00,2.1,2.1,3.9,3.9,3.9,3.01,3.9,3.9,3.00,3.9,3.9,3.00,3.9,3.9,Kaylee Smiler,0.860,-0.720,-0.317,0.389,0.709,-0.964,0.490,0.134,0.000,1.266,1.150,-0.367,2.4,0.4,0.5,2.1,0.9,6.3,39.8%,2.5,Kaylee Smiler,0.605,-0.433,-0.191,0.477,0.476,-0.665,0.554,-0.051,0.000,0.210,0.547,-0.439,2.8,0.2,0.0,-0.7,-0.3,2.0,39.8%,0.8,Kaylee Smiler (2nd),2.1,3.9,334,16.7,1.9,0.2,1.7,0.7,1.54,13.9,38.7,-2.3,1.4,-0.1,1.5
8,Lauren Gustin,21,20,,652,98,203,0.483,0,3,0,98,200,0.49,,40,60,0.667,73,185,258,39,20,6,43,44,236,229,1.03,220.7,1305,67,16.9,15.6,4.6,0.0,3.0,3.3,5.6,14.2,19.8,1.5,0.5,3.4,46.6%,16.6%,16.6%,14.2%,8.3%,19.0%,SF,3,5.6,5.4,5.0,2.94,5.4,5.0,2.98,5.5,5.0,3.00,5.5,5.0,3.4,3.5,3.5,3.01,3.5,3.5,3.00,3.5,3.5,3.00,3.5,3.5,Lauren Gustin,0.860,-0.695,-0.306,0.389,1.034,-0.964,0.181,0.181,0.000,1.008,0.703,-0.367,2.3,-0.1,3.6,0.6,0.6,7.1,77.6%,5.5,Lauren Gustin,0.605,-0.417,-0.184,0.477,0.476,-0.882,0.422,0.103,0.000,0.294,0.097,-0.439,2.9,-1.5,3.8,-1.0,0.2,4.4,77.6%,3.5,Lauren Gustin (2nd),5.0,3.5,652,32.6,2.7,2.6,0.1,2.1,3.62,27.2,0.0,0.0,2.7,2.6,0.1
9,Paisley Johnson,21,21,,627,101,253,0.399,35,108,0.324,66,145,0.455,,51,67,0.761,11,35,46,72,14,0,43,51,288,282,1.02,269.2,1255,80,21.5,20.2,5.3,2.8,5.7,3.4,0.9,2.8,3.7,1.1,0.0,4.1,8.6%,12.1%,20.0%,27.2%,0.0%,23.6%,PG,1,1.8,1.8,1.8,2.94,1.8,1.8,2.98,1.8,1.8,3.00,1.8,1.8,2.2,2.3,2.3,3.01,2.3,2.3,3.00,2.3,2.3,3.00,2.3,2.3,Paisley Johnson,0.860,-0.631,-0.278,0.389,0.675,-0.964,0.523,0.130,0.000,1.294,1.197,-0.367,5.3,0.6,0.8,0.0,-1.5,5.2,74.7%,3.9,Paisley Johnson,0.605,-0.376,-0.165,0.477,0.476,-0.642,0.568,-0.067,0.000,0.201,0.594,-0.439,5.8,0.5,0.3,-1.6,-1.3,3.8,74.7%,2.9,Paisley Johnson (4th),1.8,2.3,627,29.9,0.8,2.0,-1.2,0.6,2.08,25.1,0.0,-0.4,0.8,2.0,-1.2
10,Babalu Ugwu,21,4,,23,1,7,0.143,0,3,0,1,4,0.25,,2,2,1,2,4,6,0,1,1,3,3,4,8,0.51,3.5,46,-2,7.6,15.2,4.3,0.0,0.0,6.5,4.3,8.7,13.0,2.2,2.2,6.5,30.7%,23.6%,32.0%,0.0%,39.3%,-14.5%,SF,3,5.2,3.7,3.7,2.94,3.7,3.7,2.98,3.8,3.8,3.00,3.8,3.8,7.2,5.0,5.0,3.01,5.0,5.0,3.00,5.0,5.0,3.00,5.0,5.0,Babalu Ugwu,0.860,-0.780,-0.343,0.389,0.894,-0.964,0.314,0.161,0.000,1.119,0.895,-0.367,-6.9,-6.3,2.8,2.0,2.8,-5.6,2.7%,-0.2,Babalu Ugwu,0.605,-0.472,-0.208,0.477,0.476,-0.789,0.479,0.037,0.000,0.258,0.290,-0.439,-3.5,-5.1,2.4,-1.7,0.9,-7.1,2.7%,-0.2,Babalu Ugwu (3rd),3.8,5.0,23,5.8,-10.0,-8.9,-1.1,-0.3,-0.22,2.9,142.3,-4.2,-5.1,-4.9,-0.2
11,Perri Malli,21,20,,147,17,41,0.415,3,15,0.2,14,26,0.538,,0,0,,10,16,26,7,1,7,7,23,37,41,0.90,34.3,294,7,11.7,13.9,0.0,1.0,2.4,2.4,3.4,5.4,8.8,0.3,2.4,7.8,20.8%,3.7%,38.4%,11.3%,43.0%,8.6%,PF,4,4.5,4.4,4.4,2.94,4.5,4.5,2.98,4.5,4.5,3.00,4.5,4.5,4.5,4.4,4.4,3.01,4.4,4.4,3.00,4.4,4.4,3.00,4.4,4.4,Perri Malli,0.860,-0.746,-0.328,0.389,0.976,-0.964,0.236,0.173,0.000,1.054,0.783,-0.367,0.0,0.0,1.7,-0.6,1.9,3.1,17.5%,0.5,Perri Malli,0.605,-0.450,-0.198,0.477,0.476,-0.843,0.446,0.075,0.000,0.279,0.178,-0.439,1.3,-0.9,1.9,-2.9,0.6,0.0,17.5%,0.0,Perri Malli (3rd),4.5,4.4,147,7.4,-1.4,-1.8,0.5,-0.2,0.11,6.1,101.0,-3.7,-2.3,-2.6,0.3
12,Tahlia White,21,17,,117,9,21,0.429,6,10,0.6,3,11,0.273,,5,8,0.625,5,8,13,5,5,1,9,11,29,25,1.18,27.4,234,11,11.7,9.0,3.4,2.6,2.1,3.8,2.1,3.4,5.6,2.1,0.4,4.7,13.1%,23.2%,23.1%,10.1%,7.7%,17.3%,SF,3,2.7,2.8,2.8,2.94,2.8,2.8,2.98,2.9,2.9,3.00,2.9,2.9,3.8,3.9,3.9,3.01,3.9,3.9,3.00,3.9,3.9,3.00,3.9,3.9,Tahlia White,0.860,-0.718,-0.316,0.389,0.791,-0.964,0.412,0.146,0.000,1.201,1.036,-0.367,3.5,-2.0,1.4,1.3,1.2,5.3,13.9%,0.7,Tahlia White,0.605,-0.432,-0.190,0.477,0.476,-0.720,0.520,-0.012,0.000,0.231,0.433,-0.439,3.8,-1.8,1.1,-1.4,0.3,2.0,13.9%,0.3,Tahlia White (1st),2.9,3.9,117,6.9,0.9,0.1,0.8,0.1,0.41,5.6,111.0,-3.8,-1.4,-1.8,0.4
13,Sara Hamson,21,21,,347,52,77,0.675,0,1,0,52,76,0.684,,9,14,0.643,26,58,84,11,19,54,16,46,113,83,1.36,107.5,694,52,15.5,11.1,2.0,0.0,1.6,2.3,3.7,8.4,12.1,2.7,7.8,6.6,28.5%,29.7%,32.6%,7.5%,140.5%,27.6%,C,5,6.3,6.1,5.0,2.94,6.2,5.0,2.98,6.2,5.0,3.00,6.2,5.0,3.1,3.3,3.3,3.01,3.2,3.2,3.00,3.2,3.2,3.00,3.2,3.2,Sara Hamson,0.860,-0.683,-0.301,0.389,1.034,-0.964,0.181,0.181,0.000,1.008,0.703,-0.367,5.1,-0.6,2.2,5.8,0.3,12.9,41.3%,5.3,Sara Hamson,0.605,-0.409,-0.180,0.477,0.476,-0.882,0.422,0.103,0.000,0.294,0.097,-0.439,4.5,-1.3,2.4,-1.3,0.1,4.4,41.3%,1.8,Sara Hamson (4th),5.0,3.2,347,16.5,8.4,2.5,5.9,3.5,4.31,13.9,34.3,-2.3,7.5,2.1,5.4
14,Signe Glantz,21,4,,9,0,2,0,0,1,0,0,1,0,,0,0,,0,2,2,3,1,0,0,0,0,2,0.00,-0.1,18,-1,-0.7,11.1,0.0,0.0,16.7,0.0,0.0,11.1,11.1,5.6,0.0,0.0,26.2%,60.2%,0.0%,79.1%,0.0%,-30.3%,SF,3,0.1,2.6,2.6,2.94,2.6,2.6,2.98,2.6,2.6,3.00,2.6,2.6,3.3,3.9,3.9,3.01,3.9,3.9,3.00,3.9,3.9,3.00,3.9,3.9,Signe Glantz,0.860,-0.719,-0.316,0.389,0.766,-0.964,0.436,0.143,0.000,1.221,1.071,-0.367,-8.6,12.8,1.6,6.8,1.1,13.6,1.1%,0.1,Signe Glantz,0.605,-0.432,-0.190,0.477,0.476,-0.703,0.531,-0.024,0.000,0.225,0.467,-0.439,-5.2,7.9,-0.3,1.2,0.1,3.7,1.1%,0.0,Signe Glantz (3rd),2.6,3.9,9,2.3,9.2,1.9,7.3,0.1,0.12,1.1,147.0,-4.6,-3.8,-4.2,0.4
15,Kyra Beckman,21,14,,52,5,18,0.278,1,6,0.167,4,12,0.333,,0,0,,1,19,20,2,1,0,7,6,11,18,0.61,9.8,104,-2,9.4,17.3,0.0,1.0,1.9,6.7,1.0,18.3,19.2,1.0,0.0,5.8,45.3%,10.4%,28.3%,9.1%,0.0%,-8.0%,PF,4,5.8,4.9,4.9,2.94,5.0,5.0,2.98,5.0,5.0,3.00,5.0,5.0,6.1,5.1,5.0,3.01,5.0,5.0,3.00,5.0,5.0,3.00,5.0,5.0,Kyra Beckman,0.860,-0.780,-0.343,0.389,1.031,-0.964,0.184,0.181,0.000,1.010,0.707,-0.367,-5.0,-4.5,3.5,-1.1,2.8,-4.4,6.2%,-0.3,Kyra Beckman,0.605,-0.472,-0.208,0.477,0.476,-0.880,0.423,0.102,0.000,0.293,0.101,-0.439,-2.0,-5.0,2.3,-2.2,0.9,-6.1,6.2%,-0.4,Kyra Beckman (1st),5.0,5.0,52,3.7,-8.8,-8.0,-0.9,-0.5,-0.42,2.9,132.7,-4.2,-5.5,-5.3,-0.2
16,Kayla Belles-Lee,21,5,,10,2,3,0.667,0,0,,2,3,0.667,,0,0,,2,1,3,0,0,1,0,3,4,3,1.33,3.8,20,2,19.0,15.0,0.0,0.0,0.0,0.0,10.0,5.0,15.0,0.0,5.0,15.0,35.3%,0.0%,73.7%,0.0%,90.3%,33.1%,PF,4,7.4,4.6,4.6,2.94,4.6,4.6,2.98,4.6,4.6,3.00,4.7,4.7,3.2,3.9,3.9,3.01,3.8,3.8,3.00,3.8,3.8,3.00,3.8,3.8,Kayla Belles-Lee,0.860,-0.717,-0.315,0.389,0.995,-0.964,0.218,0.175,0.000,1.039,0.757,-0.367,5.6,0.0,3.1,-1.7,1.2,8.1,1.2%,0.1,Kayla Belles-Lee,0.605,-0.431,-0.190,0.477,0.476,-0.856,0.438,0.084,0.000,0.284,0.151,-0.439,5.0,0.0,4.8,-5.8,0.4,4.4,1.2%,0.1,Kayla Belles-Lee (3rd),4.7,3.8,10,2.0,3.7,2.5,1.2,0.0,0.07,1.1,146.7,-4.6,-4.0,-4.1,0.1
1,Anamaria Virjoghe,21,22,,187,15,41,0.366,0,0,,15,41,0.366,,10,14,0.714,15,31,46,8,8,16,16,17,40,47,0.85,34.8,376,3,9.3,10.9,3.7,0.0,2.1,4.3,4.0,8.3,12.2,2.1,4.3,4.5,25.9%,21.8%,21.7%,9.2%,102.2%,3.1%,PF,4,5.4,5.1,5.0,3.06,5.1,5.0,3.00,5.1,5.0,3.00,5.1,5.0,5.1,4.9,4.9,3.03,4.9,4.9,3.00,4.9,4.9,3.00,4.9,4.9,Anamaria Virjoghe,0.860,-0.772,-0.340,0.389,1.034,-0.964,0.181,0.181,0.000,1.008,0.703,-0.367,-1.7,-1.9,2.2,3.5,2.6,4.6,20.6%,1.0,Anamaria Virjoghe,0.605,-0.467,-0.205,0.477,0.476,-0.882,0.422,0.103,0.000,0.294,0.097,-0.439,-0.3,-2.7,2.5,-0.9,0.8,-0.6,20.6%,-0.1,Anamaria Virjoghe (1st),5.0,4.9,187,8.5,2.1,-1.9,4.1,0.4,0.85,7.2,87.7,-3.5,0.3,-2.4,2.8
2,Lily Scanlon,21,21,,147,12,40,0.3,5,15,0.333,7,25,0.28,,12,18,0.667,2,8,10,15,2,1,20,15,41,48,0.86,35.7,295,4,12.1,13.5,6.1,1.7,5.1,6.8,0.7,2.7,3.4,0.7,0.3,5.1,7.2%,6.9%,24.4%,21.9%,8.1%,4.4%,PG,1,2.2,1.9,1.9,3.06,1.8,1.8,3.00,1.8,1.8,3.00,1.8,1.8,4.2,4.1,4.1,3.03,4.1,4.1,3.00,4.1,4.1,3.00,4.1,4.1,Lily Scanlon,0.860,-0.730,-0.321,0.389,0.672,-0.964,0.525,0.129,0.000,1.295,1.200,-0.367,-0.8,-3.1,0.7,-0.6,1.0,-2.7,16.2%,-0.4,Lily Scanlon,0.605,-0.440,-0.193,0.477,0.476,-0.641,0.569,-0.068,0.000,0.201,0.597,-0.439,1.0,-1.9,0.2,-1.9,-0.5,-3.2,16.2%,-0.5,Lily Scanlon (4th),1.8,4.1,147,7.0,-5.3,-4.5,-0.8,-0.9,-0.53,5.9,101.0,-3.7,-4.6,-4.2,-0.5
3,Jenn Wirth,21,24,,578,127,224,0.567,0,1,0,127,223,0.57,,50,70,0.714,66,125,191,54,27,17,41,44,304,255,1.19,275.9,1161,105,23.8,19.3,6.0,0.0,4.6,3.5,5.7,10.8,16.4,2.3,1.5,3.8,34.8%,23.8%,18.2%,20.1%,35.1%,32.8%,PF,4,4.6,4.6,4.6,3.06,4.5,4.5,3.00,4.5,4.5,3.00,4.5,4.5,1.9,2.0,2.0,3.03,2.0,2.0,3.00,2.0,2.0,3.00,2.0,2.0,Jenn Wirth,0.860,-0.615,-0.271,0.389,0.977,-0.964,0.236,0.173,0.000,1.054,0.782,-0.367,6.9,1.1,3.2,2.2,-1.4,12.1,63.7%,7.7,Jenn Wirth,0.605,-0.366,-0.161,0.477,0.476,-0.844,0.445,0.076,0.000,0.279,0.176,-0.439,6.4,-0.8,3.3,-0.8,-0.4,7.7,63.7%,4.9,Jenn Wirth (5th),4.5,2.0,578,24.1,9.6,6.4,3.2,6.1,7.37,20.6,0.0,-1.1,9.6,6.4,3.2
4,LeeAnne Wirth,21,24,,496,90,162,0.556,1,4,0.25,89,158,0.563,,27,31,0.871,46,92,138,42,20,12,36,53,208,176,1.18,188.6,997,71,18.9,16.3,3.1,0.1,4.2,3.6,4.6,9.2,13.8,2.0,1.2,5.3,29.3%,20.6%,25.5%,18.2%,28.9%,25.8%,PF,4,4.2,4.2,4.2,3.06,4.2,4.2,3.00,4.2,4.2,3.00,4.2,4.2,2.6,2.7,2.7,3.03,2.7,2.7,3.00,2.7,2.7,3.00,2.7,2.7,LeeAnne Wirth,0.860,-0.653,-0.287,0.389,0.939,-0.964,0.272,0.167,0.000,1.084,0.834,-0.367,4.8,0.5,2.8,1.2,-0.4,8.9,54.7%,4.9,LeeAnne Wirth,0.605,-0.390,-0.172,0.477,0.476,-0.818,0.461,0.058,0.000,0.269,0.229,-0.439,4.6,-1.0,2.7,-1.5,-0.1,4.7,54.7%,2.6,LeeAnne Wirth (2nd),4.2,2.7,496,20.7,6.4,3.4,3.0,3.5,4.57,17.7,0.0,-1.7,6.4,3.4,3.0
5,Louise Forsyth,21,21,,135,11,30,0.367,5,17,0.294,6,13,0.462,,6,8,0.75,4,15,19,6,1,1,4,14,33,34,0.98,29.3,271,7,10.8,11.1,2.9,1.8,2.2,1.5,1.5,5.5,7.0,0.4,0.4,5.2,14.8%,3.8%,24.8%,9.6%,8.8%,9.1%,SG,2,3.4,3.0,3.0,3.06,2.9,2.9,3.00,2.9,2.9,3.00,2.9,2.9,4.6,4.4,4.4,3.03,4.4,4.4,3.00,4.4,4.4,3.00,4.4,4.4,Louise Forsyth,0.860,-0.747,-0.328,0.389,0.800,-0.964,0.404,0.147,0.000,1.194,1.025,-0.367,0.8,0.3,1.4,-1.1,1.9,3.4,14.9%,0.5,Louise Forsyth,0.605,-0.450,-0.198,0.477,0.476,-0.726,0.517,-0.008,0.000,0.234,0.421,-0.439,1.8,0.0,0.7,-2.0,0.5,1.1,14.9%,0.2,Louise Forsyth (2nd),2.9,4.4,135,6.4,0.8,-0.3,1.1,0.1,0.42,5.4,105.0,-3.8,-1.2,-1.8,0.6
6,Gillian Barfield,21,12,,31,1,9,0.111,0,5,0,1,4,0.25,,1,2,0.5,0,5,5,3,0,1,2,3,3,10,0.30,1.9,62,-5,3.1,14.4,3.2,0.0,4.8,3.2,0.0,8.0,8.0,0.0,1.6,4.8,17.0%,0.0%,23.1%,20.8%,38.5%,-27.4%,SF,3,3.7,3.3,3.3,3.06,3.2,3.2,3.00,3.2,3.2,3.00,3.2,3.2,7.0,5.1,5.0,3.03,5.1,5.0,3.00,5.1,5.0,3.00,5.1,5.0,Gillian Barfield,0.860,-0.780,-0.343,0.389,0.832,-0.964,0.374,0.152,0.000,1.169,0.981,-0.367,-9.7,0.9,1.2,-0.2,2.8,-5.0,3.4%,-0.2,Gillian Barfield,0.605,-0.472,-0.208,0.477,0.476,-0.747,0.504,0.007,0.000,0.242,0.377,-0.439,-5.6,-0.1,0.1,-1.5,0.9,-6.3,3.4%,-0.2,Gillian Barfield (4th),3.2,5.0,31,2.6,-7.5,-7.7,0.1,-0.3,-0.19,1.9,139.7,-4.4,-5.0,-5.0,0.0
7,Kayleigh Truong,21,24,,554,70,171,0.409,31,84,0.369,39,87,0.448,,26,39,0.667,6,48,54,102,22,0,54,39,197,188,1.05,176.3,1113,50,15.8,15.4,3.5,2.8,9.2,4.9,0.5,4.3,4.9,2.0,0.0,3.5,10.3%,20.2%,16.8%,39.6%,0.0%,16.3%,PG,1,1.3,1.3,1.3,3.06,1.2,1.2,3.00,1.2,1.2,3.00,1.2,1.2,2.0,2.1,2.1,3.03,2.1,2.1,3.00,2.1,2.1,3.00,2.1,2.1,Kayleigh Truong,0.860,-0.621,-0.273,0.389,0.602,-0.964,0.592,0.119,0.000,1.352,1.297,-0.367,4.2,0.8,0.8,1.4,-2.0,5.3,61.1%,3.2,Kayleigh Truong,0.605,-0.369,-0.163,0.477,0.476,-0.594,0.597,-0.102,0.000,0.183,0.695,-0.439,4.7,1.5,-0.1,-1.2,-1.9,2.9,61.1%,1.8,Kayleigh Truong (3rd),1.2,2.1,554,23.1,2.8,1.6,1.2,1.7,2.91,19.8,0.0,-1.3,2.8,1.6,1.2
8,Eliza Hollingsworth,21,9,,32,9,13,0.692,2,4,0.5,7,9,0.778,,1,1,1,2,5,7,0,1,1,2,7,21,13,1.56,19.5,64,11,30.4,20.2,1.6,3.1,0.0,3.1,3.1,7.8,10.9,1.6,1.6,10.9,23.0%,15.9%,52.2%,0.0%,37.3%,59.2%,PF,4,4.9,4.3,4.3,3.06,4.3,4.3,3.00,4.3,4.3,3.00,4.3,4.3,0.9,2.8,2.8,3.03,2.8,2.8,3.00,2.8,2.8,3.00,2.8,2.8,Eliza Hollingsworth,0.860,-0.658,-0.289,0.389,0.952,-0.964,0.259,0.169,0.000,1.074,0.816,-0.367,13.6,-3.0,2.1,-1.1,-0.3,11.3,3.5%,0.4,Eliza Hollingsworth,0.605,-0.393,-0.173,0.477,0.476,-0.827,0.455,0.064,0.000,0.273,0.211,-0.439,11.6,-2.6,1.9,-4.0,-0.1,6.9,3.5%,0.2,Eliza Hollingsworth (2nd),4.3,2.8,32,3.6,8.8,5.5,3.3,0.3,0.38,2.5,139.3,-4.3,-1.9,-2.5,0.6
9,Cierra Walker,21,24,,555,48,136,0.353,38,96,0.396,10,40,0.25,,14,15,0.933,16,48,64,29,23,2,18,21,148,143,1.04,132.3,1115,37,11.9,12.2,1.3,3.4,2.6,1.6,1.4,4.3,5.7,2.1,0.2,1.9,12.1%,21.1%,9.0%,11.2%,4.3%,11.9%,PG,1,2.4,2.3,2.3,3.06,2.2,2.2,3.00,2.2,2.2,3.00,2.2,2.2,4.2,4.2,4.2,3.03,4.2,4.2,3.00,4.2,4.2,3.00,4.2,4.2,Cierra Walker,0.860,-0.735,-0.323,0.389,0.721,-0.964,0.479,0.136,0.000,1.257,1.134,-0.367,2.1,0.3,1.3,2.1,1.3,7.2,61.2%,4.4,Cierra Walker,0.605,-0.443,-0.195,0.477,0.476,-0.673,0.549,-0.045,0.000,0.213,0.531,-0.439,3.1,0.2,0.6,-0.3,-0.1,3.5,61.2%,2.1,Cierra Walker (1st),2.2,4.2,555,23.1,4.6,2.1,2.5,2.8,4.05,19.8,0.0,-1.3,4.6,2.1,2.5
10,Kaylynne Truong,21,24,,385,34,91,0.374,19,56,0.339,15,35,0.429,,11,13,0.846,10,37,47,71,18,1,39,30,98,97,1.01,87.3,774,23,11.3,11.8,1.7,2.5,9.2,5.0,1.3,4.8,6.1,2.3,0.1,3.9,12.9%,23.8%,18.6%,39.7%,3.1%,10.5%,PG,1,1.5,1.4,1.4,3.06,1.4,1.4,3.00,1.4,1.4,3.00,1.4,1.4,2.5,2.6,2.6,3.03,2.6,2.6,3.00,2.6,2.6,3.00,2.6,2.6,Kaylynne Truong,0.860,-0.648,-0.285,0.389,0.621,-0.964,0.574,0.122,0.000,1.336,1.270,-0.367,2.6,0.8,1.3,1.8,-1.2,5.4,42.4%,2.3,Kaylynne Truong,0.605,-0.387,-0.170,0.477,0.476,-0.607,0.589,-0.092,0.000,0.188,0.668,-0.439,3.2,1.3,0.3,-1.2,-1.6,2.1,42.4%,0.9,Kaylynne Truong (4th),1.4,2.6,385,16.0,2.8,0.7,2.1,1.2,2.05,13.8,21.7,-2.3,2.6,0.6,2.0
11,Yvonne Ejim,21,22,,127,31,50,0.62,0,0,,31,50,0.62,,10,17,0.588,22,17,39,5,7,4,12,18,72,57,1.25,65.7,255,27,25.7,19.6,6.7,0.0,2.0,4.7,8.6,6.7,15.3,2.7,1.6,7.1,32.3%,28.1%,33.8%,8.5%,37.6%,38.5%,SF,3,4.9,4.4,4.4,3.06,4.3,4.3,3.00,4.3,4.3,3.00,4.3,4.3,2.1,2.7,2.7,3.03,2.6,2.6,3.00,2.6,2.6,3.00,2.6,2.6,Yvonne Ejim,0.860,-0.650,-0.286,0.389,0.954,-0.964,0.257,0.170,0.000,1.072,0.813,-0.367,7.5,-2.7,3.3,1.6,-0.5,9.3,14.0%,1.3,Yvonne Ejim,0.605,-0.388,-0.171,0.477,0.476,-0.829,0.454,0.065,0.000,0.273,0.208,-0.439,6.8,-3.0,4.4,-2.0,-0.2,6.0,14.0%,0.8,Yvonne Ejim (1st),4.3,2.6,127,5.8,6.8,4.7,2.1,0.9,1.23,4.9,107.7,-3.9,1.9,0.8,1.1
12,Mckayla Williams,21,20,,75,1,12,0.083,1,6,0.167,0,6,0,,4,4,1,1,9,10,3,5,1,10,8,7,14,0.51,5.5,151,-4,3.6,8.0,2.7,0.7,2.0,6.6,0.7,6.0,6.6,3.3,0.7,5.3,14.0%,34.0%,25.5%,8.6%,15.9%,-9.0%,SG,2,2.7,2.4,2.4,3.06,2.4,2.4,3.00,2.4,2.4,3.00,2.4,2.4,6.2,5.3,5.0,3.03,5.3,5.0,3.00,5.3,5.0,3.00,5.3,5.0,Mckayla Williams,0.860,-0.780,-0.343,0.389,0.735,-0.964,0.466,0.138,0.000,1.246,1.114,-0.367,-3.7,-4.9,1.1,2.9,2.5,-2.1,8.3%,-0.2,Mckayla Williams,0.605,-0.472,-0.208,0.477,0.476,-0.682,0.543,-0.039,0.000,0.217,0.511,-0.439,-1.8,-3.6,0.1,-1.3,0.3,-6.2,8.3%,-0.5,Mckayla Williams (3rd),2.4,5.0,75,3.8,-4.6,-7.5,2.9,-0.4,-0.22,3.1,125.0,-4.2,-4.4,-5.5,1.1
13,Abby O'Connor,21,22,,278,19,56,0.339,14,40,0.35,5,16,0.312,,0,0,,12,23,35,9,5,4,7,21,52,56,0.93,45.8,559,8,8.2,10.0,0.0,2.5,1.6,1.3,2.1,4.1,6.3,0.9,0.7,3.8,13.3%,9.2%,18.0%,7.0%,17.2%,5.4%,SG,2,3.3,3.1,3.1,3.06,3.0,3.0,3.00,3.0,3.0,3.00,3.0,3.0,5.1,4.9,4.9,3.03,4.9,4.9,3.00,4.9,4.9,3.00,4.9,4.9,Abby O'Connor,0.860,-0.773,-0.340,0.389,0.808,-0.964,0.396,0.149,0.000,1.188,1.013,-0.367,0.3,0.1,1.5,0.4,2.6,4.8,30.6%,1.5,Abby O'Connor,0.605,-0.468,-0.206,0.477,0.476,-0.731,0.514,-0.004,0.000,0.236,0.409,-0.439,1.5,-0.1,1.1,-1.1,0.8,2.1,30.6%,0.6,Abby O'Connor (1st),3.0,4.9,278,12.6,2.3,0.7,1.6,0.7,1.33,10.7,57.3,-2.9,1.4,0.1,1.3
14,Jill Townsend,21,24,,577,120,242,0.496,28,70,0.4,92,172,0.535,,49,57,0.86,30,85,115,60,29,10,38,39,317,267,1.19,287.6,1159,109,24.8,20.9,4.9,2.4,5.2,3.3,2.6,7.3,9.9,2.5,0.9,3.4,21.0%,25.6%,16.1%,22.4%,20.7%,33.9%,SG,2,3.0,2.9,2.9,3.06,2.9,2.9,3.00,2.9,2.9,3.00,2.9,2.9,1.6,1.8,1.8,3.03,1.8,1.8,3.00,1.8,1.8,3.00,1.8,1.8,Jill Townsend,0.860,-0.603,-0.265,0.389,0.793,-0.964,0.410,0.147,0.000,1.199,1.034,-0.367,8.4,0.9,2.1,2.7,-1.8,12.4,63.6%,7.9,Jill Townsend,0.605,-0.357,-0.157,0.477,0.476,-0.721,0.520,-0.011,0.000,0.232,0.430,-0.439,7.9,0.1,1.3,-0.5,-0.6,8.1,63.6%,5.2,Jill Townsend (3rd),2.9,1.8,577,24.0,9.9,6.8,3.1,6.3,7.54,20.6,0.0,-1.1,9.9,6.8,3.1
15,Melody Kempton,21,22,,380,61,101,0.604,0,0,,61,101,0.604,,32,49,0.653,37,45,82,15,10,5,29,51,154,123,1.26,140.5,764,58,18.4,13.2,6.4,0.0,2.0,3.8,4.8,5.9,10.7,1.3,0.7,6.7,22.7%,13.4%,32.0%,8.5%,15.7%,27.7%,SF,3,4.0,3.9,3.9,3.06,3.9,3.9,3.00,3.9,3.9,3.00,3.9,3.9,3.1,3.2,3.2,3.03,3.1,3.1,3.00,3.1,3.1,3.00,3.1,3.1,Melody Kempton,0.860,-0.678,-0.298,0.389,0.904,-0.964,0.304,0.162,0.000,1.111,0.881,-0.367,4.9,-1.9,2.4,-0.4,0.2,5.3,41.9%,2.2,Melody Kempton,0.605,-0.406,-0.179,0.477,0.476,-0.795,0.475,0.042,0.000,0.261,0.276,-0.439,4.6,-2.1,2.5,-2.4,0.1,2.7,41.9%,1.1,Melody Kempton (3rd),3.9,3.1,380,17.3,2.7,1.4,1.4,1.2,1.99,14.6,23.3,-2.2,2.5,1.2,1.3
1,Cassandra Gordon,21,16,,368,24,75,0.32,6,28,0.214,18,47,0.383,,5,6,0.833,5,37,42,17,8,2,17,12,59,78,0.76,62.8,725,11,8.7,10.3,0.8,0.8,2.3,2.3,0.7,5.1,5.8,1.1,0.3,1.7,15.6%,10.6%,8.5%,15.1%,4.7%,5.7%,SG,2,2.8,2.7,2.7,3.01,2.7,2.7,3.00,2.7,2.7,3.00,2.7,2.7,4.5,4.5,4.5,3.04,4.4,4.4,3.00,4.4,4.4,3.00,4.4,4.4,Cassandra Gordon,0.860,-0.748,-0.329,0.389,0.777,-0.964,0.426,0.144,0.000,1.213,1.057,-0.367,-0.2,-0.4,1.0,1.0,1.8,3.2,40.0%,1.3,Cassandra Gordon,0.605,-0.451,-0.198,0.477,0.476,-0.710,0.526,-0.019,0.000,0.228,0.453,-0.439,0.8,-0.5,0.3,-0.4,0.4,0.6,40.0%,0.2,Cassandra Gordon (1st),2.7,4.4,368,23.0,-4.4,-2.4,-2.0,-1.8,-0.97,18.4,27.3,-1.5,-4.2,-2.4,-1.9
2,Ciera Ellington,21,23,,686,85,249,0.341,11,48,0.229,74,201,0.368,,40,61,0.656,23,83,106,43,28,11,56,62,221,276,0.80,234.5,1352,50,17.3,18.4,4.5,0.8,3.2,4.1,1.7,6.1,7.8,2.1,0.8,4.6,21.1%,20.0%,23.5%,20.4%,13.9%,14.1%,SG,2,3.2,3.1,3.1,3.01,3.1,3.1,3.00,3.1,3.1,3.00,3.1,3.1,3.4,3.5,3.5,3.04,3.4,3.4,3.00,3.4,3.4,3.00,3.4,3.4,Ciera Ellington,0.860,-0.694,-0.305,0.389,0.819,-0.964,0.385,0.150,0.000,1.179,0.998,-0.367,1.1,-1.4,1.6,1.6,0.6,3.4,74.6%,2.6,Ciera Ellington,0.605,-0.416,-0.183,0.477,0.476,-0.739,0.509,0.001,0.000,0.239,0.394,-0.439,2.4,-1.5,0.9,-1.2,0.2,0.7,74.6%,0.5,Ciera Ellington (4th),3.1,3.4,686,29.8,-4.2,-2.3,-2.0,-3.1,-1.65,25.4,0.0,-0.3,-4.2,-2.3,-2.0
3,Chelsey Gipson,21,17,,484,50,136,0.368,30,78,0.385,20,58,0.345,,45,57,0.79,5,31,36,41,31,2,21,22,175,161,1.09,182.9,954,75,19.2,14.3,6.0,3.1,4.3,2.2,0.5,3.3,3.8,3.3,0.2,2.3,10.1%,31.3%,11.8%,27.6%,3.6%,30.2%,PG,1,1.4,1.4,1.4,3.01,1.4,1.4,3.00,1.4,1.4,3.00,1.4,1.4,1.6,1.8,1.8,3.04,1.8,1.8,3.00,1.8,1.8,3.00,1.8,1.8,Chelsey Gipson,0.860,-0.603,-0.265,0.389,0.623,-0.964,0.572,0.122,0.000,1.335,1.268,-0.367,7.5,0.6,0.7,3.8,-2.4,10.2,52.6%,5.4,Chelsey Gipson,0.605,-0.357,-0.157,0.477,0.476,-0.608,0.589,-0.092,0.000,0.188,0.666,-0.439,7.1,0.7,0.0,-0.3,-1.9,5.6,52.6%,3.0,Chelsey Gipson (5th),1.4,1.8,484,28.5,2.5,2.7,-0.1,1.3,2.38,23.0,0.0,-0.7,2.5,2.7,-0.1
4,Morgan Debord,21,2,,1,0,0,,0,0,,0,0,,,0,0,,0,0,0,0,0,0,0,0,0,0,0.00,0.0,2,0,0.0,0.0,0.0,0.0,0.0,0.0,0.0,0.0,0.0,0.0,0.0,0.0,0.0%,0.0%,0.0%,0.0%,0.0%,0.0%,SF,3,2.1,3.0,3.0,3.01,3.0,3.0,3.00,3.0,3.0,3.00,3.0,3.0,6.0,4.0,4.0,3.04,4.0,4.0,3.00,4.0,4.0,3.00,4.0,4.0,Morgan Debord,0.860,-0.725,-0.319,0.389,0.804,-0.964,0.400,0.148,0.000,1.191,1.019,-0.367,0.0,0.0,0.0,0.0,1.4,1.4,0.1%,0.0,Morgan Debord,0.605,-0.436,-0.192,0.477,0.476,-0.728,0.515,-0.006,0.000,0.235,0.416,-0.439,0.0,0.0,0.0,0.0,0.4,0.4,0.1%,0.0,Morgan Debord (2nd),3.0,4.0,1,0.5,-6.3,-2.6,-3.7,0.0,0.00,0.2,149.7,-4.7,-4.7,-4.7,0.0
5,Haley Herdman,21,11,,66,2,14,0.143,2,14,0.143,0,0,,,1,2,0.5,0,3,3,1,0,0,4,4,7,15,0.47,7.7,130,-2,5.9,10.8,1.5,1.5,0.8,3.1,0.0,2.3,2.3,0.0,0.0,3.1,6.2%,0.0%,15.7%,4.9%,0.0%,-6.6%,PG,1,2.6,1.9,1.9,3.01,1.9,1.9,3.00,1.9,1.9,3.00,1.9,1.9,6.2,5.3,5.0,3.04,5.2,5.0,3.00,5.2,5.0,3.00,5.2,5.0,Haley Herdman,0.860,-0.780,-0.343,0.389,0.685,-0.964,0.513,0.131,0.000,1.285,1.183,-0.367,-3.2,-2.4,0.3,-1.1,2.3,-4.1,7.2%,-0.3,Haley Herdman,0.605,-0.472,-0.208,0.477,0.476,-0.649,0.563,-0.062,0.000,0.204,0.580,-0.439,-1.1,-1.6,-0.1,-1.4,-0.1,-4.2,7.2%,-0.3,Haley Herdman (2nd),1.9,5.0,66,6.0,-11.8,-7.2,-4.6,-0.8,-0.70,4.4,128.0,-4.0,-6.6,-5.1,-1.6
6,Laura Vaida,21,3,,34,5,9,0.556,0,0,,5,9,0.556,,0,0,,3,1,4,1,0,1,3,5,10,9,1.11,10.4,67,4,15.6,13.4,0.0,0.0,1.5,4.5,4.5,1.5,6.0,0.0,1.5,7.5,16.1%,0.0%,38.2%,9.6%,25.5%,25.3%,PF,4,4.0,4.0,4.0,3.01,4.0,4.0,3.00,4.0,4.0,3.00,4.0,4.0,3.2,3.7,3.7,3.04,3.6,3.6,3.00,3.6,3.6,3.00,3.6,3.6,Laura Vaida,0.860,-0.705,-0.310,0.389,0.919,-0.964,0.291,0.164,0.000,1.100,0.862,-0.367,3.9,-2.9,1.5,-1.5,0.9,2.0,3.7%,0.1,Laura Vaida,0.605,-0.424,-0.186,0.477,0.476,-0.805,0.469,0.048,0.000,0.264,0.257,-0.439,3.7,-2.9,2.2,-2.9,0.3,0.4,3.7%,0.0,Laura Vaida (4th),4.0,3.6,34,11.3,-5.7,-2.6,-3.1,-0.2,-0.14,4.9,138.7,-3.9,-4.3,-3.6,-0.6
7,Jasmine Jones,21,6,,109,10,31,0.323,3,8,0.375,7,23,0.304,,4,8,0.5,9,9,18,10,8,1,7,13,27,35,0.78,28.7,215,6,13.4,14.4,3.7,1.4,4.7,3.3,4.2,4.2,8.4,3.7,0.5,6.1,22.5%,35.9%,31.0%,29.9%,8.0%,9.9%,SF,3,2.6,2.7,2.7,3.01,2.7,2.7,3.00,2.7,2.7,3.00,2.7,2.7,3.2,3.4,3.4,3.04,3.4,3.4,3.00,3.4,3.4,3.00,3.4,3.4,Jasmine Jones,0.860,-0.691,-0.304,0.389,0.772,-0.964,0.430,0.144,0.000,1.216,1.063,-0.367,0.9,0.5,2.4,2.8,0.4,7.0,11.9%,0.8,Jasmine Jones,0.605,-0.415,-0.182,0.477,0.476,-0.707,0.528,-0.021,0.000,0.227,0.459,-0.439,2.1,-0.1,2.1,-1.6,-0.1,2.4,11.9%,0.3,Jasmine Jones (3rd),2.7,3.4,109,18.2,-0.7,-0.5,-0.1,-0.1,0.16,10.9,113.7,-2.8,-1.8,-1.7,-0.1
8,Nicole Rodriguez,21,23,,657,43,141,0.305,18,69,0.261,25,72,0.347,,13,14,0.929,13,49,62,53,23,5,62,37,117,147,0.80,124.2,1295,26,9.6,10.9,1.1,1.4,4.1,4.8,1.0,3.8,4.8,1.8,0.4,2.9,12.9%,17.1%,14.6%,26.3%,6.6%,7.6%,PG,1,2.1,2.1,2.1,3.01,2.1,2.1,3.00,2.1,2.1,3.00,2.1,2.1,3.6,3.6,3.6,3.04,3.6,3.6,3.00,3.6,3.6,3.00,3.6,3.6,Nicole Rodriguez,0.860,-0.703,-0.309,0.389,0.699,-0.964,0.499,0.133,0.000,1.274,1.163,-0.367,0.8,-1.8,1.0,1.7,0.4,2.2,71.4%,1.5,Nicole Rodriguez,0.605,-0.422,-0.186,0.477,0.476,-0.659,0.558,-0.055,0.000,0.208,0.560,-0.439,1.7,-1.2,0.4,-0.7,-0.6,-0.4,71.4%,-0.3,Nicole Rodriguez (2nd),2.1,3.6,657,28.6,-5.5,-3.4,-2.1,-3.9,-2.50,24.3,0.0,-0.5,-5.5,-3.4,-2.1
9,Natalia Klimek,21,15,,348,34,92,0.37,20,65,0.308,14,27,0.518,,23,33,0.697,3,35,38,23,14,1,32,30,111,107,1.04,116.2,686,45,16.9,13.4,4.8,2.9,3.4,4.7,0.4,5.1,5.5,2.0,0.1,4.4,14.9%,19.7%,22.4%,21.6%,2.5%,25.1%,PG,1,2.4,2.3,2.3,3.01,2.2,2.2,3.00,2.2,2.2,3.00,2.2,2.2,2.4,2.6,2.6,3.04,2.6,2.6,3.00,2.6,2.6,3.00,2.6,2.6,Natalia Klimek,0.860,-0.647,-0.285,0.389,0.721,-0.964,0.479,0.136,0.000,1.257,1.133,-0.367,5.7,-2.1,0.9,1.1,-0.9,4.7,37.8%,1.8,Natalia Klimek,0.605,-0.386,-0.170,0.477,0.476,-0.673,0.549,-0.045,0.000,0.213,0.530,-0.439,5.6,-1.5,0.0,-1.4,-0.8,1.9,37.8%,0.7,Natalia Klimek (1st),2.2,2.6,348,23.2,-2.9,-1.1,-1.9,-1.1,-0.35,18.3,34.0,-1.5,-2.8,-1.1,-1.7
10,Ariel Johnson,21,20,,628,91,211,0.431,25,59,0.424,66,152,0.434,,58,69,0.841,29,77,106,53,39,7,66,52,265,241,1.10,276.8,1238,115,22.4,17.0,5.6,2.0,4.3,5.3,2.3,6.2,8.6,3.2,0.6,4.2,23.0%,30.4%,21.5%,27.5%,9.7%,35.7%,PG,1,2.8,2.6,2.6,3.01,2.6,2.6,3.00,2.6,2.6,3.00,2.6,2.6,1.1,1.3,1.3,3.04,1.3,1.3,3.00,1.3,1.3,3.00,1.3,1.3,Ariel Johnson,0.860,-0.576,-0.254,0.389,0.765,-0.964,0.437,0.142,0.000,1.222,1.073,-0.367,8.8,-1.9,1.9,2.9,-2.5,9.2,68.3%,6.3,Ariel Johnson,0.605,-0.340,-0.150,0.477,0.476,-0.702,0.531,-0.024,0.000,0.225,0.469,-0.439,7.9,-1.7,1.1,-0.9,-1.0,5.3,68.3%,3.6,Ariel Johnson (4th),2.6,1.3,628,31.4,1.6,2.4,-0.8,1.1,2.44,26.2,0.0,-0.2,1.6,2.4,-0.8
11,Khari Clark,21,23,,640,90,200,0.45,0,2,0,90,198,0.454,,19,34,0.559,42,92,134,22,22,26,58,53,199,215,0.93,209.5,1261,65,16.6,15.9,2.7,0.0,1.7,4.6,3.3,7.3,10.6,1.7,2.1,4.2,28.6%,16.8%,21.5%,11.2%,35.2%,19.9%,PG,1,4.6,4.3,4.3,3.01,4.3,4.3,3.00,4.3,4.3,3.00,4.3,4.3,3.6,3.6,3.6,3.04,3.5,3.5,3.00,3.5,3.5,3.00,3.5,3.5,Khari Clark,0.860,-0.700,-0.308,0.389,0.957,-0.964,0.254,0.170,0.000,1.069,0.809,-0.367,2.4,-2.8,2.1,2.0,0.8,4.4,69.6%,3.1,Khari Clark,0.605,-0.420,-0.185,0.477,0.476,-0.830,0.453,0.066,0.000,0.274,0.204,-0.439,2.9,-3.0,2.0,-0.9,0.2,1.2,69.6%,0.8,Khari Clark (1st),4.3,3.5,640,27.8,-3.2,-1.8,-1.4,-2.2,-0.86,23.7,0.0,-0.6,-3.2,-1.8,-1.4
12,Meghan Mandel,21,23,,577,59,115,0.513,0,2,0,59,113,0.522,,52,75,0.693,50,75,125,18,15,50,39,64,170,148,1.15,177.2,1137,78,15.6,10.1,6.6,0.0,1.6,3.4,4.4,6.6,11.0,1.3,4.4,5.6,29.6%,12.7%,28.8%,10.2%,75.2%,26.4%,PF,4,5.6,5.4,5.0,3.01,5.4,5.0,3.00,5.4,5.0,3.00,5.4,5.0,3.1,3.1,3.1,3.04,3.1,3.1,3.00,3.1,3.1,3.00,3.1,3.1,Meghan Mandel,0.860,-0.676,-0.297,0.389,1.034,-0.964,0.181,0.181,0.000,1.008,0.703,-0.367,4.6,-1.7,2.0,2.4,0.1,7.4,62.7%,4.7,Meghan Mandel,0.605,-0.405,-0.178,0.477,0.476,-0.882,0.422,0.103,0.000,0.294,0.097,-0.439,4.2,-2.3,2.5,-1.7,0.0,2.8,62.7%,1.8,Meghan Mandel (3rd),5.0,3.1,577,25.1,-0.2,-0.2,-0.1,-0.1,1.11,21.4,0.0,-1.0,-0.2,-0.2,-0.1
1,#0 Cassidy Johnson,21,18,,126,20,52,0.385,1,6,0.167,19,46,0.413,,9,11,0.818,7,16,23,2,0,3,8,17,50,57,0.88,49.6,271,12,18.3,19.2,4.1,0.4,0.7,3.0,2.6,5.9,8.5,0.0,1.1,6.3,22.0%,0.0%,31.1%,4.7%,52.5%,15.7%,C,5,5.1,5.0,5.0,3.06,5.0,5.0,3.00,5.0,5.0,3.00,5.0,5.0,4.3,4.2,4.2,3.03,4.2,4.2,3.00,4.2,4.2,3.00,4.2,4.2,#0 Cassidy Johnson,0.860,-0.737,-0.324,0.389,1.031,-0.964,0.184,0.181,0.000,1.010,0.707,-0.367,0.4,-2.1,1.5,-1.5,1.7,0.1,15.5%,0.0,#0 Cassidy Johnson,0.605,-0.444,-0.195,0.477,0.476,-0.880,0.423,0.102,0.000,0.293,0.101,-0.439,1.9,-2.2,1.7,-2.6,0.5,-0.7,15.5%,-0.1,#0 Cassidy Johnson (1st),5.0,4.2,126,7.0,-5.6,-2.9,-2.7,-0.9,-0.56,5.7,108.0,-3.7,-4.8,-3.3,-1.5
2,#1 Brooklyn McDavid,21,21,,484,105,236,0.445,0,0,,105,236,0.445,,35,63,0.556,59,51,110,16,24,5,38,58,245,264,0.93,243.1,1041,66,23.4,22.7,6.1,0.0,1.5,3.7,5.7,4.9,10.6,2.3,0.5,5.6,27.3%,19.4%,27.6%,9.7%,22.8%,23.6%,SF,3,4.3,4.2,4.2,3.06,4.1,4.1,3.00,4.1,4.1,3.00,4.1,4.1,3.3,3.4,3.4,3.03,3.4,3.4,3.00,3.4,3.4,3.00,3.4,3.4,#1 Brooklyn McDavid,0.860,-0.690,-0.304,0.389,0.937,-0.964,0.274,0.167,0.000,1.086,0.837,-0.367,2.6,-2.1,2.4,0.9,0.5,4.3,59.4%,2.5,#1 Brooklyn McDavid,0.605,-0.414,-0.182,0.477,0.476,-0.817,0.462,0.057,0.000,0.269,0.232,-0.439,3.6,-2.3,2.9,-1.7,0.2,2.7,59.4%,1.6,#1 Brooklyn McDavid (4th),4.1,3.4,484,23.0,-1.4,0.6,-2.0,-0.9,0.34,19.4,0.0,-1.4,-1.4,0.6,-2.0
3,#2 Josephine Millard,21,11,,128,6,18,0.333,0,4,0,6,14,0.429,,3,3,1,6,13,19,6,2,1,7,12,15,19,0.78,14.9,275,2,5.4,6.5,1.1,0.0,2.2,2.5,2.2,4.7,6.9,0.7,0.4,4.4,17.9%,6.1%,21.6%,13.7%,17.2%,2.6%,SG,2,3.5,3.1,3.1,3.06,3.0,3.0,3.00,3.0,3.0,3.00,3.0,3.0,4.9,4.6,4.6,3.03,4.6,4.6,3.00,4.6,4.6,3.00,4.6,4.6,#2 Josephine Millard,0.860,-0.758,-0.333,0.389,0.812,-0.964,0.392,0.149,0.000,1.184,1.008,-0.367,-0.7,-0.7,1.6,-0.4,2.2,2.0,15.7%,0.3,#2 Josephine Millard,0.605,-0.458,-0.201,0.477,0.476,-0.734,0.512,-0.002,0.000,0.237,0.404,-0.439,0.1,-0.8,1.1,-1.6,0.7,-0.6,15.7%,-0.1,#2 Josephine Millard (5th),3.0,4.6,128,11.6,-3.7,-2.8,-0.9,-0.6,-0.26,8.5,107.3,-3.3,-3.5,-3.0,-0.5
4,#4 Rosie Schweizer,21,21,,261,29,89,0.326,7,34,0.206,22,55,0.4,,26,31,0.839,24,39,63,10,8,3,26,34,91,103,0.89,90.3,561,22,16.1,15.9,5.5,1.2,1.8,4.6,4.3,7.0,11.2,1.4,0.5,6.1,29.0%,12.0%,30.0%,11.2%,25.3%,14.2%,SF,3,4.7,4.4,4.4,3.06,4.3,4.3,3.00,4.3,4.3,3.00,4.3,4.3,4.0,4.0,4.0,3.03,4.0,4.0,3.00,4.0,4.0,3.00,4.0,4.0,#4 Rosie Schweizer,0.860,-0.725,-0.319,0.389,0.959,-0.964,0.252,0.170,0.000,1.068,0.806,-0.367,1.1,-2.8,2.3,-0.3,1.4,1.7,32.0%,0.5,#4 Rosie Schweizer,0.605,-0.437,-0.192,0.477,0.476,-0.832,0.452,0.068,0.000,0.275,0.201,-0.439,2.3,-3.0,2.4,-2.2,0.4,0.0,32.0%,0.0,#4 Rosie Schweizer (2nd),4.3,4.0,261,12.4,-4.0,-2.2,-1.8,-1.3,-0.64,10.4,63.0,-2.9,-3.8,-2.3,-1.5
5,#10 Savannah Whitehead,21,21,,277,23,54,0.426,0,0,,23,54,0.426,,16,25,0.64,16,31,47,12,12,1,30,32,62,65,0.95,61.5,596,18,10.3,9.1,4.2,0.0,2.0,5.0,2.7,5.2,7.9,2.0,0.2,5.4,20.4%,17.0%,26.6%,12.7%,8.0%,11.2%,PF,4,3.4,3.5,3.5,3.06,3.5,3.5,3.00,3.5,3.5,3.00,3.5,3.5,4.2,4.2,4.2,3.03,4.1,4.1,3.00,4.1,4.1,3.00,4.1,4.1,#10 Savannah Whitehead,0.860,-0.733,-0.322,0.389,0.858,-0.964,0.348,0.156,0.000,1.148,0.945,-0.367,0.9,-3.1,1.7,0.5,1.6,1.6,34.0%,0.5,#10 Savannah Whitehead,0.605,-0.441,-0.194,0.477,0.476,-0.765,0.493,0.020,0.000,0.249,0.340,-0.439,1.4,-2.9,1.4,-1.8,0.5,-1.3,34.0%,-0.5,#10 Savannah Whitehead (2nd),3.5,4.1,277,13.2,-4.1,-3.5,-0.6,-1.4,-0.72,11.1,57.7,-2.8,-3.9,-3.4,-0.5
6,#13 Jordan Cruz,21,4,,87,6,21,0.286,5,17,0.294,1,4,0.25,,5,6,0.833,0,8,8,3,2,0,7,10,22,24,0.93,21.8,187,6,11.7,11.2,3.2,2.7,1.6,3.7,0.0,4.3,4.3,1.1,0.0,5.3,11.1%,9.0%,26.5%,10.1%,0.0%,11.9%,SG,2,2.8,2.5,2.5,3.06,2.4,2.4,3.00,2.4,2.4,3.00,2.4,2.4,4.3,4.2,4.2,3.03,4.2,4.2,3.00,4.2,4.2,3.00,4.2,4.2,#13 Jordan Cruz,0.860,-0.734,-0.323,0.389,0.742,-0.964,0.459,0.139,0.000,1.240,1.104,-0.367,1.8,-2.4,0.6,-0.6,1.4,0.7,10.7%,0.1,#13 Jordan Cruz,0.605,-0.443,-0.195,0.477,0.476,-0.687,0.540,-0.035,0.000,0.219,0.501,-0.439,2.7,-1.8,-0.2,-2.1,0.0,-1.3,10.7%,-0.1,#13 Jordan Cruz (4th),2.4,4.2,87,21.8,-5.0,-3.5,-1.5,-0.5,-0.32,10.9,121.0,-2.8,-3.7,-3.1,-0.6
7,#14 Mia Fleming-Mullins,21,2,,4,0,1,0,0,0,,0,1,0,,0,0,-,1,0,1,0,0,0,1,1,0,1,0.00,0.0,9,-1,-0.1,11.6,0.0,0.0,0.0,11.6,11.6,0.0,11.6,0.0,0.0,11.6,30.1%,0.0%,57.6%,0.0%,0.0%,-29.1%,SG,2,5.3,2.2,2.2,3.06,2.2,2.2,3.00,2.2,2.2,3.00,2.2,2.2,8.5,4.3,4.3,3.03,4.3,4.3,3.00,4.3,4.3,3.00,4.3,4.3,#14 Mia Fleming-Mullins,0.860,-0.742,-0.326,0.389,0.714,-0.964,0.485,0.135,0.000,1.262,1.142,-0.367,-8.7,-11.2,5.6,-4.3,1.5,-17.1,0.5%,-0.1,#14 Mia Fleming-Mullins,0.605,-0.447,-0.197,0.477,0.476,-0.669,0.552,-0.048,0.000,0.212,0.539,-0.439,-5.2,-7.8,6.4,-5.1,-0.1,-11.8,0.5%,-0.1,#14 Mia Fleming-Mullins (3rd),2.2,4.3,4,2.0,-22.8,-14.0,-8.7,-0.1,-0.10,0.7,148.7,-4.6,-5.1,-4.9,-0.2
8,#20 Erica Adams,21,17,,306,32,76,0.421,13,24,0.542,19,52,0.365,,10,11,0.909,11,28,39,13,8,1,17,25,87,81,1.08,86.4,658,32,13.1,11.6,1.7,2.0,2.0,2.6,1.7,4.3,5.9,1.2,0.2,3.8,15.3%,10.2%,18.8%,12.5%,7.2%,18.2%,PG,1,3.1,2.8,2.8,3.06,2.7,2.7,3.00,2.7,2.7,3.00,2.7,2.7,3.6,3.7,3.7,3.03,3.6,3.6,3.00,3.6,3.6,3.00,3.6,3.6,#20 Erica Adams,0.860,-0.705,-0.310,0.389,0.775,-0.964,0.427,0.144,0.000,1.214,1.059,-0.367,3.4,-1.0,1.3,0.2,0.8,4.8,37.5%,1.8,#20 Erica Adams,0.605,-0.424,-0.186,0.477,0.476,-0.709,0.527,-0.020,0.000,0.227,0.455,-0.439,3.7,-0.9,0.8,-1.3,0.0,2.3,37.5%,0.9,#20 Erica Adams (2nd),2.7,3.6,306,18.0,-0.9,0.1,-1.0,-0.3,0.41,14.6,48.0,-2.2,-1.1,-0.2,-0.9
9,#21 Kaylin Randhawa,21,18,,377,43,118,0.364,18,60,0.3,25,58,0.431,,38,48,0.792,8,29,37,27,14,1,29,32,142,139,1.02,141.0,811,48,17.4,14.6,5.9,2.2,3.3,3.6,1.0,3.6,4.6,1.7,0.1,3.9,11.8%,14.6%,19.6%,21.0%,5.8%,21.8%,SG,2,2.3,2.3,2.3,3.06,2.2,2.2,3.00,2.2,2.2,3.00,2.2,2.2,2.7,2.9,2.9,3.03,2.9,2.9,3.00,2.9,2.9,3.00,2.9,2.9,#21 Kaylin Randhawa,0.860,-0.662,-0.291,0.389,0.721,-0.964,0.479,0.136,0.000,1.257,1.134,-0.367,4.5,-1.0,1.0,0.9,-0.5,4.7,46.2%,2.2,#21 Kaylin Randhawa,0.605,-0.396,-0.174,0.477,0.476,-0.673,0.549,-0.045,0.000,0.213,0.530,-0.439,4.8,-0.8,0.4,-1.3,-0.7,2.3,46.2%,1.1,#21 Kaylin Randhawa (1st),2.2,2.9,377,20.9,-1.0,0.2,-1.1,-0.4,0.48,17.1,24.3,-1.8,-1.0,0.0,-1.1
10,#22 Valerie Higgins,21,21,,657,110,233,0.472,7,28,0.25,103,205,0.502,,122,139,0.878,43,157,200,60,78,17,54,46,349,294,1.19,346.9,1413,150,24.6,16.5,9.8,0.5,4.2,3.8,3.0,11.1,14.2,5.5,1.2,3.3,36.6%,46.5%,16.1%,26.8%,57.0%,39.3%,SG,2,4.3,4.1,4.1,3.06,4.1,4.1,3.00,4.1,4.1,3.00,4.1,4.1,0.9,1.1,1.1,3.03,1.1,1.1,3.00,1.1,1.1,3.00,1.1,1.1,#22 Valerie Higgins,0.860,-0.563,-0.248,0.389,0.930,-0.964,0.280,0.166,0.000,1.091,0.846,-0.367,9.6,0.3,2.7,5.8,-2.7,15.7,80.6%,12.7,#22 Valerie Higgins,0.605,-0.332,-0.146,0.477,0.476,-0.813,0.464,0.054,0.000,0.267,0.241,-0.439,8.2,-1.1,2.0,0.3,-0.8,8.6,80.6%,6.9,#22 Valerie Higgins (4th),4.1,1.1,657,31.3,10.0,6.4,3.6,8.1,9.67,26.3,0.0,-0.2,10.0,6.4,3.6
11,#23 Lianna Tillman,21,21,,681,75,192,0.391,26,69,0.377,49,123,0.398,,7,14,0.5,16,38,54,87,32,2,58,30,183,198,0.92,181.6,1464,49,12.4,13.1,1.0,1.8,5.9,4.0,1.1,2.6,3.7,2.2,0.1,2.0,9.5%,18.4%,10.1%,37.5%,6.5%,12.3%,PG,1,1.4,1.4,1.4,3.06,1.3,1.3,3.00,1.3,1.3,3.00,1.3,1.3,2.5,2.6,2.6,3.03,2.5,2.5,3.00,2.5,2.5,3.00,2.5,2.5,#23 Lianna Tillman,0.860,-0.644,-0.283,0.389,0.613,-0.964,0.581,0.121,0.000,1.342,1.281,-0.367,2.6,-0.2,0.9,2.4,-1.3,4.4,83.5%,3.7,#23 Lianna Tillman,0.605,-0.384,-0.169,0.477,0.476,-0.601,0.592,-0.096,0.000,0.186,0.679,-0.439,3.1,0.4,0.4,-0.4,-1.6,1.9,83.5%,1.6,#23 Lianna Tillman (1st),1.3,2.5,681,32.4,-1.3,-0.2,-1.0,-1.1,0.61,27.2,0.0,0.0,-1.3,-0.2,-1.0
12,#24 Liz Smith,21,18,,178,13,36,0.361,10,28,0.357,3,8,0.375,,4,7,0.571,4,16,20,14,4,1,37,17,40,39,1.02,39.7,383,14,10.4,9.4,1.8,2.6,3.7,9.7,1.0,4.2,5.2,1.0,0.3,4.4,13.5%,8.8%,22.0%,23.1%,12.4%,13.1%,PG,1,2.7,2.3,2.3,3.06,2.3,2.3,3.00,2.3,2.3,3.00,2.3,2.3,3.3,3.5,3.5,3.03,3.5,3.5,3.00,3.5,3.5,3.00,3.5,3.5,#24 Liz Smith,0.860,-0.695,-0.306,0.389,0.723,-0.964,0.477,0.136,0.000,1.255,1.131,-0.367,2.8,-6.7,1.1,0.0,0.3,-2.5,21.8%,-0.5,#24 Liz Smith,0.605,-0.417,-0.184,0.477,0.476,-0.674,0.548,-0.044,0.000,0.214,0.527,-0.439,3.3,-4.8,0.4,-1.6,-0.4,-3.1,21.8%,-0.7,#24 Liz Smith (3rd),2.3,3.5,178,9.9,-8.1,-5.3,-2.8,-1.8,-1.34,8.1,90.7,-3.3,-6.5,-4.7,-1.9
13,#30 Sam Ashby,21,21,,494,56,141,0.397,34,101,0.337,22,40,0.55,,11,17,0.647,6,48,54,28,23,2,47,37,157,148,1.06,156.0,1062,56,14.7,13.3,1.6,3.2,2.6,4.4,0.6,4.5,5.1,2.2,0.2,3.5,13.1%,18.3%,17.3%,16.6%,8.9%,19.7%,SG,2,2.5,2.5,2.5,3.06,2.4,2.4,3.00,2.4,2.4,3.00,2.4,2.4,3.2,3.3,3.3,3.03,3.3,3.3,3.00,3.3,3.3,3.00,3.3,3.3,#30 Sam Ashby,0.860,-0.684,-0.301,0.389,0.743,-0.964,0.458,0.139,0.000,1.239,1.103,-0.367,4.3,-2.3,0.9,1.6,0.1,4.6,60.6%,2.8,#30 Sam Ashby,0.605,-0.410,-0.180,0.477,0.476,-0.688,0.540,-0.035,0.000,0.219,0.499,-0.439,4.7,-1.8,0.1,-1.0,-0.4,1.7,60.6%,1.0,#30 Sam Ashby (0),2.4,3.3,494,23.5,-1.1,-0.5,-0.6,-0.6,0.56,19.8,0.0,-1.3,-1.1,-0.5,-0.6
14,#33 Madalene Ennis,21,7,,17,1,2,0.5,0,0,,1,2,0.5,,0,2,0,0,3,3,0,1,0,1,3,2,3,0.69,2.0,37,0,5.4,5.5,5.5,0.0,0.0,2.7,0.0,8.2,8.2,2.7,0.0,8.2,21.2%,23.1%,40.6%,0.0%,0.0%,0.5%,SF,3,3.8,3.2,3.2,3.06,3.1,3.1,3.00,3.1,3.1,3.00,3.1,3.1,6.0,4.5,4.5,3.03,4.5,4.5,3.00,4.5,4.5,3.00,4.5,4.5,#33 Madalene Ennis,0.860,-0.751,-0.330,0.389,0.823,-0.964,0.382,0.151,0.000,1.176,0.993,-0.367,-1.3,-2.6,1.2,0.2,2.0,-0.4,2.1%,0.0,#33 Madalene Ennis,0.605,-0.453,-0.199,0.477,0.476,-0.741,0.507,0.003,0.000,0.240,0.389,-0.439,-0.3,-2.0,0.0,-2.9,0.6,-4.6,2.1%,-0.1,#33 Madalene Ennis (0),3.1,4.5,17,2.4,-6.1,-6.8,0.7,-0.1,-0.09,1.5,144.3,-4.5,-4.7,-4.7,0.1
1,#0 Cydney Rivera,21,18,,324,32,94,0.34,9,31,0.29,23,63,0.365,,20,24,0.833,6,22,28,20,6,0,20,14,93,105,0.89,99.1,639,29,15.5,14.7,3.8,1.4,3.1,3.1,0.9,3.4,4.4,0.9,0.0,2.2,10.8%,10.5%,11.1%,24.8%,0.0%,17.7%,PG,1,2.0,1.9,1.9,3.04,1.9,1.9,3.01,1.8,1.8,3.00,1.8,1.8,2.8,3.0,3.0,3.03,3.0,3.0,3.00,3.0,3.0,3.00,3.0,3.0,#0 Cydney Rivera,0.860,-0.668,-0.294,0.389,0.676,-0.964,0.522,0.130,0.000,1.293,1.195,-0.367,3.0,-0.9,0.9,0.4,-0.5,2.9,36.6%,1.1,#0 Cydney Rivera,0.605,-0.400,-0.176,0.477,0.476,-0.643,0.567,-0.067,0.000,0.202,0.592,-0.439,3.5,-0.5,0.3,-0.8,-1.0,1.5,36.6%,0.6,#0 Cydney Rivera (1st),1.8,3.0,324,18.0,-3.6,-1.3,-2.3,-1.3,-0.60,14.7,42.0,-2.2,-3.5,-1.4,-2.0
2,#1 Malia Bambrick,21,22,,765,87,250,0.348,38,106,0.358,49,144,0.34,,20,27,0.741,7,62,69,35,14,1,45,12,232,262,0.89,247.3,1509,72,16.4,16.6,1.8,2.5,2.3,3.0,0.5,4.1,4.6,0.9,0.1,0.8,11.3%,10.4%,4.0%,18.4%,1.6%,18.5%,SG,2,2.3,2.3,2.3,3.04,2.2,2.2,3.01,2.2,2.2,3.00,2.2,2.2,3.2,3.2,3.2,3.03,3.2,3.2,3.00,3.2,3.2,3.00,3.2,3.2,#1 Malia Bambrick,0.860,-0.682,-0.300,0.389,0.716,-0.964,0.484,0.135,0.000,1.261,1.140,-0.367,3.2,-1.2,0.8,1.0,0.0,3.7,86.4%,3.2,#1 Malia Bambrick,0.605,-0.409,-0.180,0.477,0.476,-0.670,0.551,-0.048,0.000,0.212,0.537,-0.439,4.0,-0.9,0.1,-0.1,-0.6,2.5,86.4%,2.1,#1 Malia Bambrick (4th),2.2,3.2,765,34.8,-2.8,-0.4,-2.4,-2.4,-0.68,29.4,0.0,0.4,-2.8,-0.4,-2.4
3,#3 Jayda Ruffus-Milner,21,22,,594,47,102,0.461,4,11,0.364,43,91,0.472,,41,67,0.612,41,70,111,26,17,11,60,62,139,131,1.06,146.7,1172,59,12.5,8.7,5.7,0.3,2.2,5.1,3.5,6.0,9.5,1.5,0.9,5.3,23.4%,16.2%,26.8%,17.6%,22.5%,19.5%,SG,2,3.8,3.6,3.6,3.04,3.6,3.6,3.01,3.6,3.6,3.00,3.6,3.6,3.2,3.2,3.2,3.03,3.2,3.2,3.00,3.2,3.2,3.00,3.2,3.2,#3 Jayda Ruffus-Milner,0.860,-0.681,-0.300,0.389,0.873,-0.964,0.334,0.158,0.000,1.136,0.924,-0.367,3.3,-3.0,2.1,0.6,0.3,3.2,67.1%,2.2,#3 Jayda Ruffus-Milner,0.605,-0.408,-0.180,0.477,0.476,-0.775,0.487,0.027,0.000,0.253,0.320,-0.439,3.2,-2.9,1.9,-1.7,0.1,0.5,67.1%,0.4,#3 Jayda Ruffus-Milner (5th),3.6,3.2,594,27.0,-3.3,-2.3,-1.0,-2.2,-0.86,22.8,0.0,-0.8,-3.3,-2.3,-1.0
4,#4 Cheyenne Givens,21,22,,549,63,194,0.325,13,49,0.265,50,145,0.345,,52,68,0.765,16,32,48,47,38,5,69,49,191,224,0.85,204.1,1083,54,18.8,17.9,6.3,1.2,4.3,6.4,1.5,3.0,4.4,3.5,0.5,4.5,11.0%,39.3%,22.9%,34.5%,11.0%,19.4%,PG,1,1.3,1.3,1.3,3.04,1.2,1.2,3.01,1.2,1.2,3.00,1.2,1.2,2.1,2.2,2.2,3.03,2.2,2.2,3.00,2.2,2.2,3.00,2.2,2.2,#4 Cheyenne Givens,0.860,-0.625,-0.275,0.389,0.605,-0.964,0.590,0.120,0.000,1.349,1.293,-0.367,3.7,-3.5,1.2,3.7,-1.9,3.3,62.0%,2.0,#4 Cheyenne Givens,0.605,-0.372,-0.164,0.477,0.476,-0.595,0.596,-0.100,0.000,0.183,0.691,-0.439,4.3,-1.7,0.6,-1.0,-1.9,0.2,62.0%,0.2,#4 Cheyenne Givens (2nd),1.2,2.2,549,25.0,-3.2,-2.6,-0.6,-2.0,-0.77,21.1,0.0,-1.1,-3.2,-2.6,-0.6
5,#5 Isabel Montoya,21,7,,20,0,4,0,0,4,0,0,0,,,1,2,0.5,0,2,2,1,0,0,1,1,1,5,0.20,1.3,39,-2,3.3,10.1,5.1,0.0,2.5,2.5,0.0,5.1,5.1,0.0,0.0,2.5,12.5%,0.0%,12.8%,20.1%,0.0%,-19.6%,PG,1,2.6,1.5,1.5,3.04,1.4,1.4,3.01,1.4,1.4,3.00,1.4,1.4,6.3,4.7,4.7,3.03,4.6,4.6,3.00,4.6,4.6,3.00,4.6,4.6,#5 Isabel Montoya,0.860,-0.760,-0.334,0.389,0.627,-0.964,0.569,0.123,0.000,1.332,1.263,-0.367,-6.6,-0.9,0.6,-0.9,1.6,-6.1,2.3%,-0.1,#5 Isabel Montoya,0.605,-0.459,-0.202,0.477,0.476,-0.610,0.587,-0.090,0.000,0.189,0.660,-0.439,-3.7,-0.3,-0.5,-1.1,-0.6,-6.3,2.3%,-0.1,#5 Isabel Montoya (2nd),1.4,4.6,20,2.9,-12.7,-9.1,-3.5,-0.3,-0.24,1.8,143.3,-4.4,-5.4,-5.0,-0.4
6,#10 Jane Nwaba,21,22,,323,33,72,0.458,0,3,0,33,69,0.478,,10,25,0.4,34,40,74,12,17,5,23,26,76,83,0.92,80.8,637,25,12.7,11.3,3.9,0.0,1.9,3.6,5.3,6.3,11.6,2.7,0.8,4.1,28.7%,29.9%,20.7%,15.0%,18.8%,15.4%,SF,3,3.9,3.8,3.8,3.04,3.7,3.7,3.01,3.7,3.7,3.00,3.7,3.7,3.7,3.7,3.7,3.03,3.7,3.7,3.00,3.7,3.7,3.00,3.7,3.7,#10 Jane Nwaba,0.860,-0.709,-0.312,0.389,0.886,-0.964,0.322,0.160,0.000,1.126,0.907,-0.367,1.7,-1.8,2.7,2.2,1.0,5.8,36.5%,2.1,#10 Jane Nwaba,0.605,-0.426,-0.187,0.477,0.476,-0.783,0.482,0.033,0.000,0.256,0.302,-0.439,2.1,-1.9,2.8,-0.9,0.3,2.4,36.5%,0.9,#10 Jane Nwaba (4th),3.7,3.7,323,14.7,-0.7,-0.5,-0.3,-0.3,0.46,12.4,42.3,-2.6,-0.9,-0.7,-0.2
7,#11 Monique Andriuolo,21,22,,585,76,195,0.39,8,26,0.308,68,169,0.402,,48,63,0.762,40,123,163,10,20,22,22,47,208,223,0.93,221.0,1154,72,19.2,16.9,5.5,0.7,0.9,1.9,3.5,10.7,14.1,1.7,1.9,4.1,34.9%,19.4%,20.6%,6.9%,45.6%,24.2%,SF,3,5.4,5.2,5.0,3.04,5.2,5.0,3.01,5.2,5.0,3.00,5.2,5.0,3.5,3.5,3.5,3.03,3.5,3.5,3.00,3.5,3.5,3.00,3.5,3.5,#11 Monique Andriuolo,0.860,-0.697,-0.307,0.389,1.034,-0.964,0.181,0.181,0.000,1.008,0.703,-0.367,3.3,-0.9,2.6,1.6,0.7,7.2,66.1%,4.7,#11 Monique Andriuolo,0.605,-0.418,-0.184,0.477,0.476,-0.882,0.422,0.103,0.000,0.294,0.097,-0.439,3.8,-1.3,2.6,-1.1,0.2,4.3,66.1%,2.8,#11 Monique Andriuolo (3rd),5.0,3.5,585,26.6,0.7,1.4,-0.7,0.4,1.76,22.5,0.0,-0.8,0.7,1.4,-0.7
8,#14 Jayla Ruffus-Milner,21,18,,487,39,82,0.476,1,1,1,38,81,0.469,,17,39,0.436,44,46,90,23,27,6,30,50,96,99,0.97,101.8,961,35,10.6,8.5,4.1,0.1,2.4,3.1,4.6,4.8,9.4,2.8,0.6,5.2,23.2%,31.5%,26.3%,19.0%,14.9%,14.3%,SG,2,3.2,3.1,3.1,3.04,3.0,3.0,3.01,3.0,3.0,3.00,3.0,3.0,3.5,3.6,3.6,3.03,3.5,3.5,3.00,3.5,3.5,3.00,3.5,3.5,#14 Jayla Ruffus-Milner,0.860,-0.699,-0.308,0.389,0.810,-0.964,0.394,0.149,0.000,1.186,1.011,-0.367,1.9,-1.1,2.5,2.1,0.7,6.2,55.0%,3.4,#14 Jayla Ruffus-Milner,0.605,-0.420,-0.185,0.477,0.476,-0.733,0.513,-0.003,0.000,0.236,0.407,-0.439,2.1,-1.1,2.3,-1.4,0.2,2.2,55.0%,1.2,#14 Jayla Ruffus-Milner (2nd),3.0,3.5,487,27.1,-0.3,-0.7,0.3,-0.2,0.91,22.1,0.0,-0.9,-0.3,-0.7,0.3
9,#22 Kennedy Carson,21,22,,425,46,96,0.479,16,42,0.381,30,54,0.556,,20,23,0.87,7,35,42,40,10,4,64,21,128,106,1.21,134.2,838,63,16.0,11.5,2.7,1.9,4.8,7.6,0.8,4.2,5.0,1.2,0.5,2.5,12.4%,13.4%,12.7%,37.9%,11.4%,29.3%,SF,3,1.8,2.0,2.0,3.04,1.9,1.9,3.01,1.9,1.9,3.00,1.9,1.9,1.0,1.3,1.3,3.03,1.3,1.3,3.00,1.3,1.3,3.00,1.3,1.3,#22 Kennedy Carson,0.860,-0.575,-0.253,0.389,0.684,-0.964,0.514,0.131,0.000,1.286,1.184,-0.367,7.2,-4.1,1.0,1.2,-2.8,2.4,48.0%,1.2,#22 Kennedy Carson,0.605,-0.339,-0.149,0.477,0.476,-0.648,0.564,-0.063,0.000,0.204,0.581,-0.439,6.3,-2.7,0.2,-0.6,-1.7,1.6,48.0%,0.8,#22 Kennedy Carson (1st),1.9,1.3,425,19.3,-4.1,-1.3,-2.8,-2.0,-0.99,16.3,8.3,-1.9,-4.0,-1.3,-2.7
10,#24 Hayley Duren,21,16,,119,5,25,0.2,0,1,0,5,24,0.208,,4,10,0.4,8,17,25,1,6,9,10,25,14,29,0.48,15.7,235,-4,6.7,10.6,4.3,0.0,0.4,4.3,3.4,7.2,10.6,2.6,3.8,10.6,26.3%,28.6%,53.9%,3.4%,91.7%,-6.6%,PF,4,5.6,5.2,5.0,3.04,5.1,5.0,3.01,5.1,5.0,3.00,5.1,5.0,6.3,5.6,5.0,3.03,5.6,5.0,3.00,5.6,5.0,3.00,5.6,5.0,#24 Hayley Duren,0.860,-0.780,-0.343,0.389,1.034,-0.964,0.181,0.181,0.000,1.008,0.703,-0.367,-4.0,-3.7,1.9,1.4,2.8,-1.6,13.4%,-0.2,#24 Hayley Duren,0.605,-0.472,-0.208,0.477,0.476,-0.882,0.422,0.103,0.000,0.294,0.097,-0.439,-1.9,-3.6,2.2,-3.6,0.9,-5.9,13.4%,-0.8,#24 Hayley Duren (4th),5.0,5.0,119,7.4,-8.1,-8.8,0.7,-1.1,-0.82,6.0,110.3,-3.7,-6.0,-6.3,0.3
11,#45 Tara Dushharm,21,15,,236,33,74,0.446,0,0,,33,74,0.446,,35,39,0.897,12,42,54,5,1,10,17,38,101,91,1.11,106.3,466,45,22.8,15.9,8.4,0.0,1.1,3.7,2.6,9.0,11.6,0.2,2.1,8.2,28.7%,2.4%,41.3%,8.5%,51.4%,37.9%,C,5,5.5,5.4,5.0,3.04,5.4,5.0,3.01,5.4,5.0,3.00,5.4,5.0,2.2,2.5,2.5,3.03,2.5,2.5,3.00,2.5,2.5,3.00,2.5,2.5,#45 Tara Dushharm,0.860,-0.642,-0.282,0.389,1.034,-0.964,0.181,0.181,0.000,1.008,0.703,-0.367,7.1,-2.4,2.1,-1.3,-0.7,4.8,26.7%,1.3,#45 Tara Dushharm,0.605,-0.383,-0.168,0.477,0.476,-0.882,0.422,0.103,0.000,0.294,0.097,-0.439,6.3,-2.7,2.0,-3.3,-0.2,2.1,26.7%,0.6,#45 Tara Dushharm (1st),5.0,2.5,236,15.7,-1.7,-0.8,-1.0,-0.5,0.07,12.4,71.3,-2.6,-1.9,-1.2,-0.7
1,#1 Mckelle Meek,21,18,,191,20,43,0.465,13,30,30,7,13,0.538,,11,16,0.688,9,9,18,8,13,1,12,25,64,50,1.28,61.5,394,28,15.6,10.9,4.1,3.3,2.0,3.0,2.3,2.3,4.6,3.3,0.3,6.3,13.1%,25.5%,26.6%,9.0%,12.9%,26.1%,PG,1,2.8,2.4,2.4,3.05,2.4,2.4,3.01,2.4,2.4,3.00,2.4,2.4,3.2,3.3,3.3,3.13,3.2,3.2,3.02,3.2,3.2,3.00,3.2,3.2,#1 Mckelle Meek,0.860,-0.681,-0.299,0.389,0.734,-0.964,0.467,0.138,0.000,1.247,1.116,-0.367,6.0,-1.4,1.4,2.1,0.0,8.1,21.6%,1.7,#1 Mckelle Meek,0.605,-0.408,-0.179,0.477,0.476,-0.682,0.544,-0.039,0.000,0.217,0.512,-0.439,5.8,-1.1,1.2,-1.9,-0.5,3.5,21.6%,0.7,#1 Mckelle Meek (1st),2.4,3.2,191,10.6,1.1,1.4,-0.4,0.2,0.66,8.7,86.3,-3.2,-0.3,0.0,-0.3
2,#2 Rose Pflug,21,20,,244,18,57,0.316,6,23,23,12,34,0.353,,9,14,0.643,6,11,17,22,2,1,27,16,51,63,0.81,47.8,504,5,9.5,11.3,2.8,1.2,4.4,5.4,1.2,2.2,3.4,0.4,0.2,3.2,9.7%,3.1%,13.3%,19.4%,10.1%,4.0%,SG,2,2.5,2.4,2.4,3.05,2.4,2.4,3.01,2.4,2.4,3.00,2.4,2.4,4.4,4.3,4.3,3.13,4.2,4.2,3.02,4.2,4.2,3.00,4.2,4.2,#2 Rose Pflug,0.860,-0.733,-0.323,0.389,0.734,-0.964,0.466,0.138,0.000,1.247,1.115,-0.367,-0.6,-2.0,0.9,-0.4,1.3,-0.8,27.6%,-0.2,#2 Rose Pflug,0.605,-0.442,-0.194,0.477,0.476,-0.682,0.544,-0.039,0.000,0.217,0.512,-0.439,0.8,-1.6,0.6,-1.2,0.0,-1.5,27.6%,-0.4,#2 Rose Pflug (4th),2.4,4.2,244,12.2,-7.8,-3.5,-4.3,-2.1,-1.59,10.2,68.7,-3.0,-6.7,-3.4,-3.3
3,#4 Keeley Frawley,21,23,,604,45,107,0.421,24,57,57,21,50,0.42,,9,12,0.75,23,60,83,53,21,1,39,15,123,112,1.10,117.3,1247,42,9.4,8.6,1.0,1.9,4.2,3.1,1.8,4.8,6.7,1.7,0.1,1.2,19.1%,13.0%,5.0%,18.9%,4.1%,12.4%,SF,3,2.9,2.9,2.9,3.05,2.9,2.9,3.01,2.9,2.9,3.00,2.9,2.9,3.7,3.7,3.7,3.13,3.6,3.6,3.02,3.6,3.6,3.00,3.6,3.6,#4 Keeley Frawley,0.860,-0.701,-0.308,0.389,0.790,-0.964,0.413,0.146,0.000,1.202,1.038,-0.367,2.5,0.3,1.5,1.7,0.7,6.7,68.2%,4.6,#4 Keeley Frawley,0.605,-0.421,-0.185,0.477,0.476,-0.719,0.521,-0.012,0.000,0.231,0.434,-0.439,2.8,-0.2,0.9,-0.1,0.1,3.5,68.2%,2.4,#4 Keeley Frawley (5th),2.9,3.6,604,26.3,-0.3,1.5,-1.8,-0.2,1.18,22.4,0.0,-0.8,-0.3,1.5,-1.8
4,#5 Emme Shearer,21,23,,443,55,139,0.396,13,45,45,42,94,0.447,,28,37,0.757,16,27,43,33,35,1,37,66,151,155,0.97,143.1,915,39,15.6,15.2,4.0,1.4,3.6,4.0,1.7,3.0,4.7,3.8,0.1,7.2,13.5%,29.6%,30.2%,16.0%,5.6%,15.7%,SG,2,2.4,2.3,2.3,3.05,2.3,2.3,3.01,2.3,2.3,3.00,2.3,2.3,3.6,3.6,3.6,3.13,3.5,3.5,3.02,3.5,3.5,3.00,3.5,3.5,#5 Emme Shearer,0.860,-0.696,-0.306,0.389,0.726,-0.964,0.474,0.137,0.000,1.253,1.127,-0.367,2.2,-1.3,1.2,2.3,0.4,4.8,50.0%,2.4,#5 Emme Shearer,0.605,-0.418,-0.184,0.477,0.476,-0.676,0.547,-0.043,0.000,0.215,0.523,-0.439,3.0,-1.0,0.8,-2.3,-0.4,0.2,50.0%,0.1,#5 Emme Shearer (2nd),2.3,3.5,443,19.3,-2.2,-1.9,-0.4,-1.1,-0.10,16.4,2.3,-1.9,-2.2,-1.9,-0.4
5,#10 Haylee Andrews,21,22,,652,129,267,0.483,18,55,55,111,212,0.524,,88,122,0.721,15,77,92,133,31,1,80,45,364,321,1.14,347.8,1347,133,25.8,19.8,9.1,1.3,9.9,5.9,1.1,5.7,6.8,2.3,0.1,3.3,19.6%,17.8%,14.0%,43.8%,3.8%,36.3%,PG,1,2.0,2.0,2.0,3.05,1.9,1.9,3.01,1.9,1.9,3.00,1.9,1.9,0.0,0.3,1.0,3.13,0.1,1.0,3.02,0.1,1.0,3.00,0.1,1.0,#10 Haylee Andrews,0.860,-0.560,-0.246,0.389,0.682,-0.964,0.516,0.131,0.000,1.288,1.187,-0.367,9.4,1.0,1.3,1.8,-3.2,10.3,73.7%,7.6,#10 Haylee Andrews,0.605,-0.330,-0.145,0.477,0.476,-0.647,0.565,-0.064,0.000,0.203,0.584,-0.439,8.4,0.9,0.3,-1.0,-1.8,6.8,73.7%,5.0,#10 Haylee Andrews (2nd),1.9,1.0,652,29.6,3.3,4.8,-1.4,2.5,3.93,25.1,0.0,-0.4,3.3,4.8,-1.4
6,#12 Alex Fowler,21,23,,675,153,286,0.535,11,37,37,142,249,0.57,,63,88,0.716,69,108,177,68,36,18,61,59,380,325,1.17,363.6,1394,146,26.1,20.5,6.3,0.8,4.9,4.4,4.9,7.7,12.7,2.6,1.3,4.2,36.4%,20.0%,17.7%,21.6%,65.6%,38.6%,SF,3,5.3,5.1,5.0,3.05,5.1,5.0,3.01,5.1,5.0,3.00,5.1,5.0,1.3,1.5,1.5,3.13,1.3,1.3,3.02,1.3,1.3,3.00,1.3,1.3,#12 Alex Fowler,0.860,-0.577,-0.254,0.389,1.034,-0.964,0.181,0.181,0.000,1.008,0.703,-0.367,9.3,0.8,2.3,2.0,-2.4,12.0,76.3%,9.2,#12 Alex Fowler,0.605,-0.341,-0.150,0.477,0.476,-0.882,0.422,0.103,0.000,0.294,0.097,-0.439,8.2,-1.5,2.9,-1.0,-0.7,7.9,76.3%,6.0,#12 Alex Fowler (4th),5.0,1.3,675,29.3,5.0,5.8,-0.8,3.8,5.37,25.0,0.0,-0.4,5.0,5.8,-0.8
7,#14 Jayce Gorzeman,21,13,,179,8,26,0.308,2,12,12,6,14,0.429,,7,10,0.7,10,18,28,16,11,2,6,29,25,30,0.82,23.5,370,3,6.3,7.0,2.7,0.5,4.3,1.6,2.7,4.9,7.6,3.0,0.5,7.8,21.7%,23.0%,32.9%,19.2%,27.5%,3.1%,SG,2,3.5,3.2,3.2,3.05,3.2,3.2,3.01,3.1,3.1,3.00,3.1,3.1,4.5,4.4,4.4,3.13,4.2,4.2,3.02,4.2,4.2,3.00,4.2,4.2,#14 Jayce Gorzeman,0.860,-0.736,-0.324,0.389,0.823,-0.964,0.382,0.151,0.000,1.176,0.993,-0.367,-0.4,2.0,1.8,1.2,1.7,6.2,20.2%,1.3,#14 Jayce Gorzeman,0.605,-0.444,-0.195,0.477,0.476,-0.741,0.507,0.003,0.000,0.240,0.389,-0.439,0.4,0.9,1.4,-2.5,0.5,0.7,20.2%,0.1,#14 Jayce Gorzeman (3rd),3.1,4.2,179,13.8,-0.8,-1.3,0.5,-0.2,0.25,10.5,90.3,-2.9,-1.5,-1.9,0.4
8,#15 Maddie Muhlheim,21,18,,447,45,124,0.363,39,107,107,6,17,0.353,,17,21,0.81,14,17,31,28,37,0,24,44,146,133,1.10,139.3,923,50,15.1,13.4,2.3,4.2,3.0,2.6,1.5,1.8,3.4,4.0,0.0,4.8,9.6%,31.0%,20.0%,13.5%,0.0%,19.9%,PG,1,1.9,1.8,1.8,3.05,1.8,1.8,3.01,1.8,1.8,3.00,1.8,1.8,3.4,3.5,3.5,3.13,3.3,3.3,3.02,3.3,3.3,3.00,3.3,3.3,#15 Maddie Muhlheim,0.860,-0.687,-0.302,0.389,0.666,-0.964,0.531,0.128,0.000,1.300,1.209,-0.367,4.7,-0.5,1.0,3.5,-0.1,8.6,50.5%,4.4,#15 Maddie Muhlheim,0.605,-0.412,-0.181,0.477,0.476,-0.637,0.571,-0.071,0.000,0.199,0.606,-0.439,5.2,-0.2,0.7,-1.3,-0.9,3.5,50.5%,1.8,#15 Maddie Muhlheim (2nd),1.8,3.3,447,24.8,1.6,1.5,0.2,0.8,1.84,20.3,1.0,-1.2,1.6,1.5,0.2
9,#21 Tyler McclimmentCall,21,21,,181,21,63,0.333,6,24,24,15,39,0.385,,6,8,0.75,18,16,34,6,8,1,24,34,54,67,0.81,50.6,374,6,13.5,16.9,2.1,1.6,1.6,6.4,4.8,4.3,9.1,2.1,0.3,9.1,26.1%,16.6%,38.1%,7.1%,13.6%,6.0%,SG,2,4.3,3.8,3.8,3.05,3.8,3.8,3.01,3.8,3.8,3.00,3.8,3.8,5.0,4.8,4.8,3.13,4.7,4.7,3.02,4.6,4.6,3.00,4.6,4.6,#21 Tyler McclimmentCall,0.860,-0.760,-0.335,0.389,0.894,-0.964,0.315,0.161,0.000,1.120,0.896,-0.367,-1.3,-4.8,2.2,-0.7,2.3,-2.2,20.4%,-0.5,#21 Tyler McclimmentCall,0.605,-0.459,-0.202,0.477,0.476,-0.788,0.479,0.036,0.000,0.258,0.291,-0.439,0.8,-4.3,2.5,-3.4,0.7,-3.7,20.4%,-0.8,#21 Tyler McclimmentCall (1st),3.8,4.6,181,8.6,-9.2,-5.7,-3.5,-1.9,-1.48,7.2,89.7,-3.5,-7.3,-5.0,-2.3
10,#22 Kristina Wooldridge,21,14,,52,3,4,0.75,0,0,0,3,4,0.75,,4,4,1,5,4,9,1,2,0,2,5,10,6,1.74,9.7,107,6,9.0,3.7,3.7,0.0,0.9,1.9,4.7,3.7,8.4,1.9,0.0,4.7,24.0%,14.4%,19.5%,4.1%,0.0%,20.1%,PF,4,3.9,3.9,3.9,3.05,3.9,3.9,3.01,3.9,3.9,3.00,3.9,3.9,4.0,4.0,4.0,3.13,3.9,3.9,3.02,3.9,3.9,3.00,3.9,3.9,#22 Kristina Wooldridge,0.860,-0.717,-0.315,0.389,0.908,-0.964,0.301,0.163,0.000,1.109,0.877,-0.367,3.9,-1.0,2.0,0.4,1.2,6.5,5.9%,0.4,#22 Kristina Wooldridge,0.605,-0.431,-0.190,0.477,0.476,-0.798,0.473,0.043,0.000,0.261,0.272,-0.439,3.2,-1.0,2.4,-1.6,0.4,3.3,5.9%,0.2,#22 Kristina Wooldridge (4th),3.9,3.9,52,3.7,-0.5,1.3,-1.7,0.0,0.09,2.9,132.7,-4.2,-3.2,-2.7,-0.5
11,#23 Liana Kaituu,21,23,,320,44,108,0.407,5,12,12,39,96,0.406,,22,37,0.595,19,32,51,13,21,2,37,44,115,124,0.93,108.7,661,25,16.4,16.3,5.6,0.8,2.0,5.6,2.9,4.8,7.7,3.2,0.3,6.7,22.1%,24.6%,27.9%,8.7%,15.4%,14.2%,SF,3,3.7,3.6,3.6,3.05,3.5,3.5,3.01,3.5,3.5,3.00,3.5,3.5,4.2,4.2,4.2,3.13,4.0,4.0,3.02,4.0,4.0,3.00,4.0,4.0,#23 Liana Kaituu,0.860,-0.726,-0.320,0.389,0.865,-0.964,0.342,0.157,0.000,1.143,0.936,-0.367,0.8,-3.7,1.7,1.5,1.4,1.7,36.2%,0.6,#23 Liana Kaituu,0.605,-0.437,-0.192,0.477,0.476,-0.769,0.491,0.023,0.000,0.250,0.331,-0.439,2.1,-3.4,1.5,-2.0,0.4,-1.3,36.2%,-0.5,#23 Liana Kaituu (1st),3.5,4.0,320,13.9,-5.3,-3.4,-1.9,-1.9,-1.18,11.9,43.3,-2.7,-5.0,-3.3,-1.7
12,#32 Kelsey Lenzie,21,23,,139,10,43,0.233,8,32,32,2,11,0.182,,3,3,1,1,13,14,15,7,0,16,15,31,44,0.70,28.8,287,-1,10.0,15.0,1.0,2.8,5.2,5.6,0.3,4.5,4.9,2.4,0.0,5.2,14.0%,18.9%,21.9%,23.2%,0.0%,-1.2%,PG,1,2.3,1.9,1.9,3.05,1.9,1.9,3.01,1.9,1.9,3.00,1.9,1.9,4.6,4.4,4.4,3.13,4.3,4.3,3.02,4.3,4.3,3.00,4.3,4.3,#32 Kelsey Lenzie,0.860,-0.739,-0.325,0.389,0.679,-0.964,0.519,0.130,0.000,1.290,1.191,-0.367,-1.7,-1.8,0.8,1.2,1.3,-0.3,15.7%,0.0,#32 Kelsey Lenzie,0.605,-0.446,-0.196,0.477,0.476,-0.645,0.566,-0.065,0.000,0.202,0.588,-0.439,0.5,-1.1,-0.1,-1.8,-0.4,-2.9,15.7%,-0.5,#32 Kelsey Lenzie (3rd),1.9,4.3,139,6.0,-7.2,-4.9,-2.3,-1.1,-0.82,5.1,103.7,-3.8,-5.8,-4.5,-1.3
13,#34 Jacksen McclimentCall,21,8,,20,2,7,0.286,1,6,6,1,1,1,,0,0,,0,3,3,2,0,0,0,0,5,7,0.71,4.6,41,0,11.2,16.9,0.0,2.4,4.8,0.0,0.0,7.3,7.3,0.0,0.0,0.0,20.8%,0.0%,0.0%,21.5%,0.0%,-0.4%,SG,2,3.2,2.3,2.3,3.05,2.3,2.3,3.01,2.3,2.3,3.00,2.3,2.3,4.6,4.2,4.2,3.13,4.0,4.0,3.02,4.0,4.0,3.00,4.0,4.0,#34 Jacksen McclimentCall,0.860,-0.726,-0.319,0.389,0.724,-0.964,0.476,0.137,0.000,1.254,1.128,-0.367,-1.7,3.5,1.0,0.0,1.1,3.9,2.3%,0.1,#34 Jacksen McclimentCall,0.605,-0.437,-0.192,0.477,0.476,-0.675,0.547,-0.044,0.000,0.214,0.525,-0.439,0.6,2.3,-0.3,0.0,-0.2,2.4,2.3%,0.1,#34 Jacksen McclimentCall (0),2.3,4.0,20,2.5,-3.1,0.3,-3.4,-0.1,-0.02,1.7,143.3,-4.5,-4.3,-3.9,-0.4
14,#44 Lauren Walker,21,23,,279,27,61,0.443,0,1,1,27,60,0.45,,8,14,0.571,11,27,38,14,12,8,16,39,62,67,0.92,58.6,576,14,10.2,10.6,2.4,0.0,2.4,2.8,1.9,4.7,6.6,2.1,1.4,6.8,18.9%,16.1%,28.4%,10.8%,70.5%,8.7%,C,5,4.4,4.5,4.5,3.05,4.5,4.5,3.01,4.5,4.5,3.00,4.5,4.5,4.5,4.5,4.5,3.13,4.3,4.3,3.02,4.3,4.3,3.00,4.3,4.3,#44 Lauren Walker,0.860,-0.742,-0.326,0.389,0.973,-0.964,0.239,0.172,0.000,1.056,0.787,-0.367,0.1,-0.3,1.3,0.8,1.8,3.7,31.5%,1.2,#44 Lauren Walker,0.605,-0.447,-0.197,0.477,0.476,-0.841,0.447,0.074,0.000,0.278,0.181,-0.439,0.9,-1.2,1.2,-2.1,0.6,-0.6,31.5%,-0.2,#44 Lauren Walker (0),4.5,4.3,279,12.1,-3.3,-2.6,-0.7,-1.0,-0.42,10.3,57.0,-2.9,-3.3,-2.7,-0.6
1,#3 Leia Hanafin,21,18,,288,24,62,0.387,4,20,0.2,20,42,0.476,,10,13,0.769,7,24,31,24,15,10,27,24,62,68,0.92,62.2,584,17,10.6,10.6,2.2,0.7,4.1,4.6,1.2,4.1,5.3,2.6,1.7,4.1,13.4%,29.7%,22.4%,26.3%,52.1%,11.2%,SG,2,2.7,2.6,2.6,3.02,2.6,2.6,3.00,2.6,2.6,3.00,2.6,2.6,3.3,3.4,3.4,3.07,3.3,3.3,3.00,3.3,3.3,3.00,3.3,3.3,#3 Leia Hanafin,0.860,-0.688,-0.303,0.389,0.760,-0.964,0.442,0.142,0.000,1.226,1.080,-0.367,1.4,-1.3,1.1,3.5,0.3,5.0,31.0%,1.5,#3 Leia Hanafin,0.605,-0.413,-0.182,0.477,0.476,-0.699,0.533,-0.027,0.000,0.223,0.476,-0.439,2.0,-1.3,0.5,-0.4,-0.2,0.6,31.0%,0.2,#3 Leia Hanafin (1st),2.6,3.3,288,16.0,-2.2,-2.0,-0.2,-0.7,-0.07,13.1,54.0,-2.5,-2.3,-2.1,-0.2
2,#4 Taycee Wedin,21,23,,668,94,232,0.405,63,159,0.396,31,73,0.425,,21,21,1,12,48,60,22,20,4,48,38,272,241,1.13,272.7,1355,111,20.1,17.1,1.6,4.7,1.6,3.5,0.9,3.5,4.4,1.5,0.3,2.8,11.2%,17.1%,15.3%,10.4%,9.0%,32.0%,PG,1,2.6,2.5,2.5,3.02,2.5,2.5,3.00,2.5,2.5,3.00,2.5,2.5,2.6,2.7,2.7,3.07,2.6,2.6,3.00,2.6,2.6,3.00,2.6,2.6,#4 Taycee Wedin,0.860,-0.648,-0.285,0.389,0.747,-0.964,0.454,0.140,0.000,1.236,1.097,-0.367,7.6,-2.2,0.9,1.1,-0.8,6.6,71.9%,4.8,#4 Taycee Wedin,0.605,-0.387,-0.170,0.477,0.476,-0.691,0.538,-0.033,0.000,0.220,0.494,-0.439,7.5,-1.7,0.4,-0.8,-0.6,4.8,71.9%,3.5,#4 Taycee Wedin (4th),2.5,2.6,668,29.0,-0.6,2.2,-2.8,-0.4,1.01,24.7,0.0,-0.4,-0.6,2.2,-2.8
3,#5 Madeline Holland,21,24,,626,104,228,0.456,19,50,0.38,85,178,0.478,,34,40,0.85,21,69,90,56,20,6,48,56,261,246,1.06,261.7,1270,97,20.6,18.0,3.2,1.5,4.4,3.8,1.7,5.4,7.1,1.6,0.5,4.4,17.9%,18.2%,24.0%,28.3%,14.4%,29.9%,SG,2,2.7,2.7,2.7,3.02,2.6,2.6,3.00,2.6,2.6,3.00,2.6,2.6,1.6,1.7,1.7,3.07,1.7,1.7,3.00,1.7,1.7,3.00,1.7,1.7,#5 Madeline Holland,0.860,-0.597,-0.263,0.389,0.765,-0.964,0.437,0.143,0.000,1.222,1.072,-0.367,6.8,-0.3,1.5,0.8,-2.0,6.8,67.3%,4.6,#5 Madeline Holland,0.605,-0.354,-0.156,0.477,0.476,-0.703,0.531,-0.024,0.000,0.225,0.469,-0.439,6.3,-0.6,0.7,-1.4,-0.9,4.3,67.3%,2.9,#5 Madeline Holland (5th),2.6,1.7,626,26.1,-0.4,1.6,-2.0,-0.3,1.07,22.4,0.0,-0.8,-0.4,1.6,-2.0
4,#10 Tayla Dalton,21,24,,416,43,127,0.339,15,59,0.254,28,68,0.412,,15,33,0.454,16,22,38,18,24,2,52,34,116,142,0.82,116.4,844,22,13.8,15.1,3.9,1.8,2.1,6.2,1.9,2.6,4.5,2.8,0.2,4.0,11.4%,32.9%,22.0%,13.7%,7.2%,10.0%,PG,1,2.2,2.0,2.0,3.02,2.0,2.0,3.00,2.0,2.0,3.00,2.0,2.0,4.2,4.2,4.2,3.07,4.1,4.1,3.00,4.1,4.1,3.00,4.1,4.1,#10 Tayla Dalton,0.860,-0.733,-0.322,0.389,0.694,-0.964,0.504,0.132,0.000,1.278,1.170,-0.367,0.3,-4.5,1.3,2.4,1.2,0.7,44.8%,0.3,#10 Tayla Dalton,0.605,-0.442,-0.194,0.477,0.476,-0.655,0.560,-0.058,0.000,0.206,0.567,-0.439,1.8,-3.0,0.9,-1.0,-0.4,-1.7,44.8%,-0.8,#10 Tayla Dalton (2nd),2.0,4.1,416,17.3,-6.5,-4.4,-2.1,-2.9,-2.02,14.9,11.3,-2.2,-6.4,-4.3,-2.1
5,#11 Jade Kirisome,21,24,,555,60,164,0.366,27,79,0.342,33,85,0.388,,24,29,0.828,21,43,64,46,18,2,58,25,171,177,0.97,171.5,1126,53,15.2,14.6,2.6,2.4,4.1,5.2,1.9,3.8,5.7,1.6,0.2,2.2,14.4%,18.5%,12.1%,26.2%,5.4%,18.4%,SG,2,2.2,2.2,2.2,3.02,2.2,2.2,3.00,2.2,2.2,3.00,2.2,2.2,2.7,2.8,2.8,3.07,2.7,2.7,3.00,2.7,2.7,3.00,2.7,2.7,#11 Jade Kirisome,0.860,-0.655,-0.288,0.389,0.712,-0.964,0.488,0.135,0.000,1.264,1.146,-0.367,3.8,-2.1,1.4,1.4,-0.7,3.8,59.7%,2.3,#11 Jade Kirisome,0.605,-0.391,-0.172,0.477,0.476,-0.667,0.553,-0.050,0.000,0.211,0.543,-0.439,4.2,-1.5,0.8,-0.5,-0.8,2.2,59.7%,1.3,#11 Jade Kirisome (2nd),2.2,2.7,555,23.1,-3.4,-0.5,-3.0,-2.0,-0.85,19.8,0.0,-1.3,-3.4,-0.5,-3.0
6,#12 Mia Grizelj,21,5,,45,2,6,0.333,0,2,0,2,4,0.5,,1,2,0.5,2,6,8,3,1,2,1,5,5,7,0.73,5.0,91,0,5.5,6.6,2.2,0.0,3.3,1.1,2.2,6.6,8.8,1.1,2.2,5.5,22.2%,12.7%,29.9%,21.1%,66.6%,1.8%,PF,4,4.4,4.2,4.2,3.02,4.2,4.2,3.00,4.2,4.2,3.00,4.2,4.2,4.4,4.2,4.2,3.07,4.1,4.1,3.00,4.1,4.1,3.00,4.1,4.1,#12 Mia Grizelj,0.860,-0.733,-0.322,0.389,0.939,-0.964,0.271,0.167,0.000,1.083,0.833,-0.367,-0.8,2.0,1.7,1.0,1.6,5.5,4.8%,0.3,#12 Mia Grizelj,0.605,-0.442,-0.194,0.477,0.476,-0.819,0.460,0.058,0.000,0.270,0.228,-0.439,0.0,0.7,1.4,-1.6,0.5,0.9,4.8%,0.0,#12 Mia Grizelj (4th),4.2,4.1,45,9.0,-1.7,-1.7,0.0,-0.1,0.01,5.0,135.0,-3.9,-3.3,-3.3,0.0
7,#14 Jordyn Boesel,21,23,,346,31,72,0.431,14,40,0.35,17,32,0.531,,13,17,0.765,8,17,25,11,4,1,33,24,89,79,1.12,89.2,702,36,12.7,10.3,2.4,2.0,1.6,4.7,1.1,2.4,3.6,0.6,0.1,3.4,9.0%,6.6%,18.6%,10.1%,4.3%,20.0%,PG,1,2.6,2.4,2.4,3.02,2.4,2.4,3.00,2.4,2.4,3.00,2.4,2.4,3.6,3.7,3.7,3.07,3.6,3.6,3.00,3.6,3.6,3.00,3.6,3.6,#14 Jordyn Boesel,0.860,-0.703,-0.309,0.389,0.741,-0.964,0.460,0.139,0.000,1.241,1.106,-0.367,3.7,-3.4,0.9,-0.4,0.6,1.4,37.2%,0.5,#14 Jordyn Boesel,0.605,-0.422,-0.186,0.477,0.476,-0.686,0.541,-0.036,0.000,0.218,0.503,-0.439,3.9,-2.5,0.5,-1.3,-0.2,0.4,37.2%,0.1,#14 Jordyn Boesel (3rd),2.4,3.6,346,15.0,-5.8,-2.3,-3.5,-2.2,-1.41,12.8,34.7,-2.5,-5.5,-2.3,-3.2
8,#20 Hannah Rapp,21,14,,145,9,24,0.375,1,7,0.143,8,17,0.471,,8,12,0.667,4,13,17,6,3,2,15,16,27,29,0.92,27.1,294,7,9.2,8.2,4.1,0.3,2.0,5.1,1.4,4.4,5.8,1.0,0.7,5.4,14.6%,11.8%,29.6%,13.1%,20.7%,9.9%,PG,1,3.3,2.7,2.7,3.02,2.7,2.7,3.00,2.7,2.7,3.00,2.7,2.7,4.3,4.2,4.2,3.07,4.1,4.1,3.00,4.1,4.1,3.00,4.1,4.1,#20 Hannah Rapp,0.860,-0.733,-0.322,0.389,0.770,-0.964,0.432,0.143,0.000,1.218,1.066,-0.367,0.8,-3.3,1.2,0.0,1.4,0.1,15.6%,0.0,#20 Hannah Rapp,0.605,-0.442,-0.194,0.477,0.476,-0.706,0.529,-0.022,0.000,0.226,0.463,-0.439,1.3,-2.6,0.6,-1.8,0.2,-2.3,15.6%,-0.4,#20 Hannah Rapp (2nd),2.7,4.1,145,10.4,-7.2,-4.9,-2.2,-1.1,-0.81,8.1,101.7,-3.3,-5.6,-4.3,-1.3
9,#22 Ellie Croco,21,23,,393,51,121,0.422,14,37,0.378,37,84,0.44,,22,31,0.71,22,54,76,20,11,11,46,41,138,135,1.02,138.4,797,48,17.4,15.2,3.9,1.8,2.5,5.8,2.8,6.8,9.5,1.4,1.4,5.1,24.1%,16.0%,28.0%,16.1%,42.0%,23.6%,SF,3,4.2,4.1,4.1,3.02,4.1,4.1,3.00,4.1,4.1,3.00,4.1,4.1,2.9,3.0,3.0,3.07,3.0,3.0,3.00,3.0,3.0,3.00,3.0,3.0,#22 Ellie Croco,0.860,-0.668,-0.294,0.389,0.928,-0.964,0.282,0.166,0.000,1.092,0.848,-0.367,4.3,-3.2,1.9,0.8,0.0,3.7,42.3%,1.6,#22 Ellie Croco,0.605,-0.400,-0.176,0.477,0.476,-0.811,0.465,0.053,0.000,0.267,0.243,-0.439,4.6,-3.5,1.6,-1.6,0.0,1.2,42.3%,0.5,#22 Ellie Croco (1st),4.1,3.0,393,17.1,-3.5,-1.5,-2.0,-1.5,-0.63,14.6,19.0,-2.2,-3.4,-1.5,-1.9
10,#23 Emily Codding,21,3,,59,10,26,0.385,1,6,0.167,9,20,0.45,,7,7,1,13,9,22,5,2,4,9,10,28,29,0.96,28.1,120,9,23.5,21.7,5.8,0.8,4.2,7.5,10.9,7.5,18.4,1.7,3.3,8.4,46.5%,19.3%,45.5%,26.8%,101.7%,28.1%,SF,3,6.9,5.1,5.0,3.02,5.1,5.0,3.00,5.1,5.0,3.00,5.1,5.0,1.8,2.8,2.8,3.07,2.8,2.8,3.00,2.8,2.8,3.00,2.8,2.8,#23 Emily Codding,0.860,-0.656,-0.289,0.389,1.034,-0.964,0.181,0.181,0.000,1.008,0.703,-0.367,4.6,-2.9,3.3,1.0,-0.3,5.6,6.3%,0.4,#23 Emily Codding,0.605,-0.392,-0.173,0.477,0.476,-0.882,0.422,0.103,0.000,0.294,0.097,-0.439,5.1,-4.6,5.4,-2.9,-0.1,2.8,6.3%,0.2,#23 Emily Codding (4th),5.0,2.8,59,19.7,-1.6,0.2,-1.8,-0.1,0.02,8.4,130.3,-3.3,-2.8,-2.2,-0.6
11,#24 Brianna Simonich,21,24,,691,45,123,0.366,7,45,0.156,38,78,0.487,,16,28,0.571,42,145,187,62,38,12,55,40,113,135,0.84,113.4,1401,23,8.1,8.8,2.0,0.5,4.4,3.9,3.0,10.3,13.3,2.7,0.9,2.9,33.7%,31.4%,15.6%,28.4%,26.0%,6.3%,SG,2,3.9,3.7,3.7,3.02,3.7,3.7,3.00,3.7,3.7,3.00,3.7,3.7,3.6,3.6,3.6,3.07,3.5,3.5,3.00,3.5,3.5,3.00,3.5,3.5,#24 Brianna Simonich,0.860,-0.699,-0.308,0.389,0.888,-0.964,0.320,0.160,0.000,1.124,0.904,-0.367,0.4,0.1,2.6,2.8,0.7,6.7,74.3%,5.0,#24 Brianna Simonich,0.605,-0.420,-0.185,0.477,0.476,-0.784,0.481,0.034,0.000,0.256,0.300,-0.439,1.1,-1.0,1.8,-0.3,0.2,1.8,74.3%,1.4,#24 Brianna Simonich (1st),3.7,3.5,691,28.8,-0.6,-0.8,0.3,-0.4,1.08,24.7,0.0,-0.4,-0.6,-0.8,0.3
12,#30 Amy West,21,7,,170,26,53,0.491,1,6,0.167,25,47,0.532,,8,20,0.4,15,29,44,12,2,4,16,10,61,62,0.99,61.2,345,20,17.7,15.4,5.8,0.3,3.5,4.6,4.4,8.4,12.8,0.6,1.2,2.9,32.3%,6.7%,15.8%,22.3%,35.3%,22.4%,PF,4,4.7,4.6,4.6,3.02,4.5,4.5,3.00,4.5,4.5,3.00,4.5,4.5,2.6,2.9,2.9,3.07,2.9,2.9,3.00,2.9,2.9,3.00,2.9,2.9,#30 Amy West,0.860,-0.662,-0.291,0.389,0.980,-0.964,0.232,0.173,0.000,1.051,0.777,-0.367,3.5,-1.1,2.5,0.4,-0.2,5.2,18.3%,0.9,#30 Amy West,0.605,-0.396,-0.174,0.477,0.476,-0.846,0.444,0.078,0.000,0.280,0.171,-0.439,3.8,-2.3,2.6,-0.9,-0.1,3.1,18.3%,0.6,#30 Amy West (3rd),4.5,2.9,170,24.3,-2.1,0.5,-2.5,-0.4,-0.01,15.5,93.3,-2.0,-2.1,-0.4,-1.6
13,#32 Finau Tonga,21,11,,246,54,105,0.514,0,0,,54,105,0.514,,9,23,0.391,42,42,84,9,5,2,27,23,117,115,1.02,117.3,499,40,23.5,21.0,4.6,0.0,1.8,5.4,8.4,8.4,16.8,1.0,0.4,4.6,42.6%,11.6%,25.1%,11.6%,12.2%,31.4%,SF,3,5.6,5.1,5.0,3.02,5.1,5.0,3.00,5.1,5.0,3.00,5.1,5.0,2.5,2.8,2.8,3.07,2.7,2.7,3.00,2.7,2.7,3.00,2.7,2.7,#32 Finau Tonga,0.860,-0.655,-0.288,0.389,1.034,-0.964,0.181,0.181,0.000,1.008,0.703,-0.367,5.1,-3.4,3.0,-0.4,-0.4,4.0,26.5%,1.1,#32 Finau Tonga,0.605,-0.391,-0.172,0.477,0.476,-0.882,0.422,0.103,0.000,0.294,0.097,-0.439,5.2,-3.9,4.4,-1.7,-0.1,3.9,26.5%,1.0,#32 Finau Tonga (0),5.0,2.7,246,22.4,-3.2,1.3,-4.4,-0.8,-0.32,16.4,68.0,-1.9,-2.9,0.6,-3.5
1,#0 Kiera Oakry,21,11,,137,14,14,0.333,4,12,0.333,10,30,0.333,,6,12,0.5,5,10,15,8,8,1,9,12,38,19,1.97,18.1,292,5,6.2,4.8,4.1,1.4,2.7,3.1,1.7,3.4,5.1,2.7,0.3,4.1,14.2%,17.7%,18.6%,16.7%,15.0%,14.5%,SG,2,2.8,2.6,2.6,3.06,2.5,2.5,3.00,2.5,2.5,3.00,2.5,2.5,3.7,3.7,3.7,3.10,3.6,3.6,3.03,3.6,3.6,3.01,3.6,3.6,#0 Kiera Oakry,0.860,-0.703,-0.309,0.389,0.750,-0.964,0.451,0.140,0.000,1.234,1.094,-0.367,1.2,-0.9,1.3,2.3,0.6,4.4,19.0%,0.8,#0 Kiera Oakry,0.605,-0.422,-0.186,0.477,0.476,-0.692,0.537,-0.032,0.000,0.221,0.490,-0.439,1.6,-0.8,0.8,-1.0,-0.2,0.4,19.0%,0.1,#0 Kiera Oakry (1st),2.5,3.6,137,12.5,0.5,-1.3,1.8,0.1,0.48,9.1,104.3,-3.2,-1.1,-2.1,1.0
2,#4 Steph Gorman,21,15,,397,43,43,0.344,32,78,0.41,11,47,0.234,,15,20,0.75,4,28,32,35,35,3,17,16,133,52,2.57,79.4,845,45,9.4,5.1,2.4,3.8,4.1,2.0,0.5,3.3,3.8,4.1,0.4,1.9,10.5%,26.8%,8.6%,25.2%,15.5%,43.6%,SG,2,1.8,1.8,1.8,3.06,1.8,1.8,3.00,1.8,1.8,3.00,1.8,1.8,0.6,1.0,1.0,3.10,0.9,1.0,3.03,0.8,1.0,3.01,0.8,1.0,#4 Steph Gorman,0.860,-0.560,-0.246,0.389,0.668,-0.964,0.529,0.129,0.000,1.299,1.205,-0.367,6.1,0.8,0.7,5.1,-3.3,9.5,55.2%,5.2,#4 Steph Gorman,0.605,-0.330,-0.145,0.477,0.476,-0.638,0.570,-0.070,0.000,0.200,0.603,-0.439,5.5,0.7,0.0,0.2,-1.9,4.5,55.2%,2.5,#4 Steph Gorman (4th),1.8,1.0,397,26.5,5.6,2.9,2.7,3.1,4.18,20.9,17.7,-1.1,5.3,2.7,2.6
3,#5 Ayanna Khalfani,21,18,,297,28,28,0.311,2,7,0.286,26,83,0.313,,16,29,0.552,27,31,58,17,21,2,42,27,74,41,1.82,31.8,632,5,5.0,4.4,4.6,0.3,2.7,6.6,4.3,4.9,9.2,3.3,0.3,4.3,25.3%,21.5%,19.3%,16.3%,13.8%,5.9%,SG,2,3.6,3.4,3.4,3.06,3.3,3.3,3.00,3.3,3.3,3.00,3.3,3.3,4.4,4.3,4.3,3.10,4.2,4.2,3.03,4.2,4.2,3.01,4.2,4.2,#5 Ayanna Khalfani,0.860,-0.736,-0.324,0.389,0.845,-0.964,0.361,0.154,0.000,1.158,0.963,-0.367,-0.3,-4.1,2.3,2.6,1.7,2.1,41.3%,0.9,#5 Ayanna Khalfani,0.605,-0.444,-0.195,0.477,0.476,-0.756,0.499,0.014,0.000,0.245,0.358,-0.439,0.3,-3.7,2.2,-0.9,0.5,-1.6,41.3%,-0.7,#5 Ayanna Khalfani (5th),3.3,4.2,297,16.5,-1.8,-3.3,1.5,-0.7,0.09,13.5,51.0,-2.4,-1.9,-3.2,1.3
4,#10 Myah Pace,21,14,,428,64,64,0.448,2,21,0.095,62,122,0.508,,35,58,0.603,30,40,70,35,35,2,32,26,165,90,1.84,72.4,911,12,8.0,7.0,6.4,0.2,3.8,3.5,3.3,4.4,7.7,3.8,0.2,2.9,21.2%,24.8%,12.9%,23.4%,9.6%,11.2%,SG,2,2.8,2.7,2.7,3.06,2.7,2.7,3.00,2.7,2.7,3.00,2.7,2.7,3.5,3.5,3.5,3.10,3.4,3.4,3.03,3.4,3.4,3.01,3.4,3.4,#10 Myah Pace,0.860,-0.692,-0.304,0.389,0.769,-0.964,0.433,0.143,0.000,1.219,1.067,-0.367,0.1,-0.4,2.1,3.9,0.4,6.0,59.5%,3.6,#10 Myah Pace,0.605,-0.415,-0.183,0.477,0.476,-0.705,0.529,-0.023,0.000,0.226,0.464,-0.439,0.8,-0.6,1.6,-0.3,-0.1,1.4,59.5%,0.9,#10 Myah Pace (2nd),2.7,3.4,428,30.6,2.1,-0.2,2.4,1.3,2.46,23.8,7.3,-0.6,2.1,-0.2,2.3
5,#11 Laura Erikstrup,21,18,,229,34,34,0.425,2,5,0.4,32,75,0.427,,20,27,0.741,25,25,50,10,7,3,22,33,90,46,1.96,42.6,487,12,8.7,7.0,5.5,0.4,2.1,4.5,5.1,5.1,10.3,1.4,0.6,6.8,28.3%,9.3%,30.6%,12.5%,26.9%,20.0%,C,5,4.7,4.7,4.7,3.06,4.7,4.7,3.00,4.7,4.7,3.00,4.7,4.7,3.5,3.6,3.6,3.10,3.5,3.5,3.03,3.4,3.4,3.01,3.4,3.4,#11 Laura Erikstrup,0.860,-0.693,-0.305,0.389,0.995,-0.964,0.218,0.175,0.000,1.039,0.756,-0.367,1.1,-2.3,2.0,-0.5,0.6,0.9,31.8%,0.3,#11 Laura Erikstrup,0.605,-0.416,-0.183,0.477,0.476,-0.856,0.438,0.085,0.000,0.284,0.150,-0.439,1.6,-2.9,2.7,-2.5,0.2,-0.9,31.8%,-0.3,#11 Laura Erikstrup (2nd),4.7,3.4,229,12.7,-3.0,-2.6,-0.4,-1.0,-0.32,10.4,73.7,-2.9,-3.0,-2.7,-0.3
6,#14 Karla Martinez,21,10,,51,5,5,0.333,4,8,0.5,1,7,0.143,,2,2,1,0,5,5,3,1,0,3,3,16,6,2.72,9.9,109,6,9.1,4.6,1.8,3.7,2.8,2.8,0.0,4.6,4.6,0.9,0.0,2.8,12.7%,6.0%,12.5%,16.8%,0.0%,45.4%,PG,1,2.6,1.8,1.8,3.06,1.8,1.8,3.00,1.8,1.8,3.00,1.8,1.8,1.0,2.5,2.5,3.10,2.4,2.4,3.03,2.4,2.4,3.01,2.3,2.3,#14 Karla Martinez,0.860,-0.634,-0.279,0.389,0.665,-0.964,0.532,0.128,0.000,1.301,1.210,-0.367,5.9,-0.8,0.6,0.2,-1.4,4.4,7.1%,0.3,#14 Karla Martinez,0.605,-0.378,-0.166,0.477,0.476,-0.636,0.571,-0.072,0.000,0.199,0.607,-0.439,5.2,-0.4,-0.3,-1.0,-1.3,2.1,7.1%,0.1,#14 Karla Martinez (4th),1.8,2.3,51,5.1,0.5,0.4,0.1,0.0,0.18,3.6,133.0,-4.1,-2.8,-2.9,0.0
7,#20 Erica Martinsen,21,17,,251,35,35,0.372,28,68,0.412,7,26,0.269,,4,7,0.571,5,20,25,15,23,2,11,26,102,38,2.68,62.6,534,37,11.7,6.6,1.3,5.2,2.8,2.1,0.9,3.7,4.7,4.3,0.4,4.9,12.9%,27.8%,22.0%,17.1%,16.4%,57.2%,PG,1,2.4,2.2,2.2,3.06,2.1,2.1,3.00,2.1,2.1,3.00,2.1,2.1,0.0,0.6,1.0,3.10,0.5,1.0,3.03,0.5,1.0,3.01,0.5,1.0,#20 Erica Martinsen,0.860,-0.560,-0.246,0.389,0.709,-0.964,0.490,0.135,0.000,1.266,1.149,-0.367,8.1,0.0,1.0,4.1,-3.1,10.1,34.9%,3.5,#20 Erica Martinsen,0.605,-0.330,-0.145,0.477,0.476,-0.665,0.554,-0.051,0.000,0.210,0.546,-0.439,7.2,0.0,0.3,-1.0,-1.6,4.9,34.9%,1.7,#20 Erica Martinsen (3rd),2.1,1.0,251,14.8,6.2,3.3,2.9,2.2,2.85,12.0,66.3,-2.7,4.3,2.0,2.3
8,#21 Kylie Horstmeyer,21,8,,43,2,2,0.182,0,1,0,2,10,0.2,,0,0,-,2,4,6,1,0,0,1,1,4,2,2.00,1.9,91,1,2.1,2.2,0.0,0.0,1.1,1.1,2.2,4.4,6.6,0.0,0.0,1.1,18.1%,0.0%,4.9%,6.6%,0.0%,5.3%,SG,2,3.5,2.7,2.7,3.06,2.6,2.6,3.00,2.6,2.6,3.00,2.6,2.6,5.1,4.5,4.5,3.10,4.4,4.4,3.03,4.4,4.4,3.01,4.4,4.4,#21 Kylie Horstmeyer,0.860,-0.745,-0.328,0.389,0.766,-0.964,0.436,0.143,0.000,1.221,1.072,-0.367,0.2,-0.2,1.6,-0.4,1.7,2.9,6.0%,0.2,#21 Kylie Horstmeyer,0.605,-0.450,-0.198,0.477,0.476,-0.703,0.531,-0.024,0.000,0.225,0.468,-0.439,0.3,-0.2,1.1,-0.5,0.3,0.9,6.0%,0.1,#21 Kylie Horstmeyer (2nd),2.6,4.4,43,5.4,-1.0,-0.8,-0.3,-0.1,0.06,3.6,135.7,-4.1,-3.4,-3.3,-0.1
9,#23 Jordyn Edwards,21,16,,498,58,58,0.382,16,45,0.356,42,107,0.392,,32,42,0.762,22,36,58,65,52,7,39,56,164,76,2.14,84.9,1060,34,8.0,5.5,4.0,1.5,6.1,3.7,2.1,3.4,5.5,4.9,0.7,5.3,15.1%,31.7%,23.9%,37.3%,28.9%,26.2%,PG,1,2.1,2.0,2.0,3.06,1.9,1.9,3.00,1.9,1.9,3.00,1.9,1.9,1.3,1.5,1.5,3.10,1.4,1.4,3.03,1.4,1.4,3.01,1.4,1.4,#23 Jordyn Edwards,0.860,-0.582,-0.256,0.389,0.681,-0.964,0.517,0.130,0.000,1.289,1.188,-0.367,3.3,0.6,1.5,5.2,-2.7,7.9,69.2%,5.5,#23 Jordyn Edwards,0.605,-0.344,-0.151,0.477,0.476,-0.646,0.565,-0.064,0.000,0.203,0.585,-0.439,3.1,0.5,1.0,-0.9,-1.6,2.0,69.2%,1.4,#23 Jordyn Edwards (1st),1.9,1.4,498,31.1,4.0,0.4,3.7,2.8,4.16,24.9,0.0,-0.4,4.0,0.4,3.7
10,#25 Nicole Blakes,21,16,,82,8,8,0.5,0,0,,8,16,0.5,,2,2,1,5,11,16,3,2,1,5,4,18,9,2.03,8.8,174,3,5.1,4.6,1.1,0.0,1.7,2.9,2.9,6.3,9.2,1.1,0.6,2.3,25.3%,7.4%,10.4%,10.5%,25.1%,13.5%,PF,4,4.3,4.2,4.2,3.06,4.1,4.1,3.00,4.1,4.1,3.00,4.1,4.1,4.2,4.1,4.1,3.10,4.0,4.0,3.03,4.0,4.0,3.01,3.9,3.9,#25 Nicole Blakes,0.860,-0.722,-0.318,0.389,0.934,-0.964,0.276,0.167,0.000,1.088,0.841,-0.367,0.7,-1.2,1.8,0.9,1.3,3.6,11.4%,0.4,#25 Nicole Blakes,0.605,-0.435,-0.191,0.477,0.476,-0.815,0.463,0.055,0.000,0.268,0.236,-0.439,0.8,-1.5,1.7,-0.6,0.4,0.8,11.4%,0.1,#25 Nicole Blakes (4th),4.1,3.9,82,5.1,-0.3,-0.8,0.5,0.0,0.19,4.1,122.7,-4.0,-2.6,-2.7,0.2
11,#30 Kendall Bird,21,17,,360,48,48,0.414,0,0,,48,116,0.414,,20,43,0.465,24,39,63,9,12,8,26,47,116,67,1.73,46.8,766,2,6.1,6.3,5.6,0.0,1.2,3.4,3.1,5.1,8.2,1.6,1.0,6.1,22.7%,10.1%,27.7%,7.1%,45.7%,2.1%,PF,4,4.6,4.6,4.6,3.06,4.5,4.5,3.00,4.5,4.5,3.00,4.5,4.5,5.3,5.2,5.0,3.10,5.1,5.0,3.03,5.0,5.0,3.01,5.0,5.0,#30 Kendall Bird,0.860,-0.780,-0.343,0.389,0.976,-0.964,0.236,0.173,0.000,1.054,0.783,-0.367,-1.6,-2.1,1.6,0.2,2.8,0.9,50.0%,0.5,#30 Kendall Bird,0.605,-0.472,-0.208,0.477,0.476,-0.843,0.446,0.076,0.000,0.279,0.177,-0.439,-0.4,-2.3,1.8,-2.1,0.9,-2.2,50.0%,-1.1,#30 Kendall Bird (1st),4.5,5.0,360,21.2,-3.0,-3.8,0.8,-1.5,-0.49,17.1,30.0,-1.8,-2.9,-3.7,0.8
12,#32 Sydney Hunter,21,18,,551,66,66,0.5,0,1,0,66,131,0.504,,36,51,0.706,43,67,110,41,32,2,43,57,168,88,1.90,76.5,1172,17,6.5,5.6,4.4,0.0,3.5,3.7,3.7,5.7,9.4,2.7,0.2,4.9,25.9%,17.6%,22.0%,21.3%,7.5%,12.1%,SG,2,3.5,3.4,3.4,3.06,3.3,3.3,3.00,3.3,3.3,3.00,3.3,3.3,3.6,3.6,3.6,3.10,3.5,3.5,3.03,3.5,3.5,3.01,3.4,3.4,#32 Sydney Hunter,0.860,-0.694,-0.306,0.389,0.845,-0.964,0.361,0.154,0.000,1.158,0.963,-0.367,0.4,-0.6,2.2,1.5,0.6,4.2,76.5%,3.2,#32 Sydney Hunter,0.605,-0.417,-0.183,0.477,0.476,-0.756,0.499,0.014,0.000,0.245,0.358,-0.439,0.8,-1.1,1.9,-1.4,0.2,0.4,76.5%,0.3,#32 Sydney Hunter (3rd),3.3,3.4,551,30.6,0.3,-1.3,1.5,0.2,1.73,25.0,0.0,-0.4,0.3,-1.3,1.5
13,#33 Amanda Olinger,21,17,,180,18,18,0.375,2,14,0.143,16,34,0.471,,1,9,0.111,13,28,41,3,4,4,11,17,39,22,1.78,16.3,383,2,4.3,4.7,2.3,0.5,0.8,2.9,3.4,7.3,10.7,1.0,1.0,4.4,29.5%,6.7%,20.1%,4.8%,45.7%,3.4%,PF,4,5.3,5.0,5.0,3.06,5.0,5.0,3.00,5.0,5.0,3.00,5.0,5.0,5.4,5.1,5.0,3.10,5.0,5.0,3.03,5.0,5.0,3.01,4.9,4.9,#33 Amanda Olinger,0.860,-0.777,-0.342,0.389,1.030,-0.964,0.185,0.180,0.000,1.011,0.708,-0.367,-0.6,-2.0,1.9,0.2,2.7,2.3,25.0%,0.6,#33 Amanda Olinger,0.605,-0.470,-0.207,0.477,0.476,-0.879,0.424,0.101,0.000,0.293,0.103,-0.439,0.1,-2.2,2.2,-1.5,0.8,-0.5,25.0%,-0.1,#33 Amanda Olinger (0),5.0,4.9,180,10.6,-1.6,-2.2,0.6,-0.4,0.09,8.6,90.0,-3.3,-2.2,-2.6,0.4
14,#34 Gabby Giuffre,21,14,,95,8,8,0.276,4,17,0.235,4,12,0.333,,0,0,,0,6,6,7,5,0,10,14,20,8,2.50,11.7,202,6,5.8,4.0,0.0,2.0,3.5,4.9,0.0,3.0,3.0,2.5,0.0,6.9,8.2%,16.0%,31.3%,21.0%,0.0%,25.9%,SG,2,2.0,2.0,2.0,3.06,1.9,1.9,3.00,1.9,1.9,3.00,1.9,1.9,2.4,2.9,2.9,3.10,2.8,2.8,3.03,2.8,2.8,3.01,2.8,2.8,#34 Gabby Giuffre,0.860,-0.659,-0.290,0.389,0.687,-0.964,0.511,0.131,0.000,1.284,1.180,-0.367,3.2,-2.4,0.4,0.6,-0.7,1.1,13.2%,0.1,#34 Gabby Giuffre,0.605,-0.394,-0.173,0.477,0.476,-0.650,0.563,-0.061,0.000,0.205,0.577,-0.439,2.9,-1.6,-0.2,-2.5,-1.0,-2.4,13.2%,-0.3,#34 Gabby Giuffre (0),1.9,2.8,95,6.8,-2.8,-4.0,1.2,-0.4,-0.11,5.3,118.3,-3.8,-3.4,-3.9,0.5
1,#1 Rain Sheh,21,8,,37,1,7,0.143,0,3,0,1,4,0.25,,1,2,0.5,1,3,4,3,3,0,1,7,3,8,0.38,2.3,75,-3,3.1,9.3,2.7,0.0,4.0,1.3,1.3,4.0,5.3,4.0,0.0,9.3,14.0%,41.4%,41.0%,20.3%,0.0%,-14.7%,PG,1,2.0,1.4,1.4,3.00,1.4,1.4,3.00,1.4,1.4,3.00,1.4,1.4,5.9,4.8,4.8,3.02,4.8,4.8,3.00,4.8,4.8,3.00,4.8,4.8,#1 Rain Sheh,0.860,-0.769,-0.338,0.389,0.628,-0.964,0.567,0.123,0.000,1.331,1.261,-0.367,-5.4,1.2,1.2,1.9,1.8,0.8,4.0%,0.0,#1 Rain Sheh,0.605,-0.465,-0.204,0.477,0.476,-0.611,0.587,-0.089,0.000,0.189,0.659,-0.439,-3.0,1.1,0.4,-3.3,-0.6,-5.4,4.0%,-0.2,#1 Rain Sheh (1st),1.4,4.8,37,4.6,-4.5,-6.5,2.0,-0.2,-0.10,3.1,137.7,-4.2,-4.3,-4.7,0.4
2,#2 Kia Vaalavirta,21,23,,270,23,55,0.418,10,28,0.357,13,27,0.482,,14,20,0.7,6,16,22,16,7,0,18,26,70,64,1.10,64.5,549,22,11.7,10.0,3.6,1.8,2.9,3.3,1.1,2.9,4.0,1.3,0.0,4.7,10.5%,13.2%,20.9%,14.8%,0.0%,14.8%,PG,1,2.4,2.2,2.2,3.00,2.2,2.2,3.00,2.2,2.2,3.00,2.2,2.2,3.8,3.8,3.8,3.02,3.8,3.8,3.00,3.8,3.8,3.00,3.8,3.8,#2 Kia Vaalavirta,0.860,-0.712,-0.313,0.389,0.713,-0.964,0.486,0.135,0.000,1.263,1.144,-0.367,2.5,-1.1,0.9,-0.1,0.7,3.0,29.1%,0.9,#2 Kia Vaalavirta,0.605,-0.428,-0.188,0.477,0.476,-0.668,0.552,-0.049,0.000,0.211,0.540,-0.439,3.0,-0.8,0.5,-1.8,-0.4,0.5,29.1%,0.1,#2 Kia Vaalavirta (4th),2.2,3.8,270,11.7,-2.3,-0.6,-1.7,-0.7,-0.09,10.0,60.0,-3.0,-2.4,-1.1,-1.4
3,#3 Marta Galic,21,23,,327,74,172,0.43,25,75,0.333,49,97,0.505,,12,22,0.546,18,60,78,14,19,5,21,38,185,182,1.02,169.4,665,48,25.5,25.9,3.3,3.8,2.1,3.2,2.7,9.0,11.7,2.9,0.8,5.7,30.9%,29.7%,25.2%,10.7%,26.8%,26.8%,SG,2,4.4,4.1,4.1,3.00,4.1,4.1,3.00,4.1,4.1,3.00,4.1,4.1,3.0,3.1,3.1,3.02,3.1,3.1,3.00,3.1,3.1,3.00,3.1,3.1,#3 Marta Galic,0.860,-0.676,-0.298,0.389,0.928,-0.964,0.282,0.166,0.000,1.092,0.849,-0.367,4.9,-1.1,2.3,1.7,0.2,7.9,35.2%,2.8,#3 Marta Galic,0.605,-0.405,-0.178,0.477,0.476,-0.811,0.465,0.053,0.000,0.267,0.244,-0.439,6.1,-1.6,1.7,-1.6,0.0,4.8,35.2%,1.7,#3 Marta Galic (5th),4.1,3.1,327,14.2,2.6,3.7,-1.1,0.9,1.62,12.1,41.0,-2.6,2.0,3.0,-1.0
4,#4 Marianna Klavina,21,9,,50,4,17,0.235,0,10,0,4,7,0.571,,1,1,1,2,1,3,3,3,1,2,10,9,17,0.52,7.5,102,-4,7.4,16.7,1.0,0.0,3.0,2.0,2.0,1.0,3.0,3.0,1.0,9.8,7.8%,30.6%,43.3%,15.0%,35.1%,-15.4%,PG,1,2.5,1.8,1.8,3.00,1.8,1.8,3.00,1.8,1.8,3.00,1.8,1.8,6.3,5.2,5.0,3.02,5.1,5.0,3.00,5.1,5.0,3.00,5.1,5.0,#4 Marianna Klavina,0.860,-0.780,-0.343,0.389,0.666,-0.964,0.531,0.128,0.000,1.301,1.209,-0.367,-7.0,0.1,1.2,1.4,2.3,-2.1,5.4%,-0.1,#4 Marianna Klavina,0.605,-0.472,-0.208,0.477,0.476,-0.636,0.571,-0.071,0.000,0.199,0.606,-0.439,-3.6,0.2,1.1,-3.1,-0.2,-5.8,5.4%,-0.3,#4 Marianna Klavina (2nd),1.8,5.0,50,5.6,-7.4,-6.9,-0.5,-0.4,-0.29,3.8,133.3,-4.1,-5.0,-4.8,-0.1
5,#5 Amalie Langer,21,23,,637,79,159,0.497,23,63,0.365,56,96,0.583,,56,74,0.757,15,31,46,48,33,6,30,58,237,192,1.24,220.5,1295,92,17.0,12.3,5.7,1.8,3.7,2.3,1.2,2.4,3.6,2.5,0.5,4.5,9.3%,26.5%,19.7%,18.8%,16.5%,26.6%,PG,1,2.1,2.0,2.0,3.00,2.0,2.0,3.00,2.0,2.0,3.00,2.0,2.0,2.5,2.6,2.6,3.02,2.6,2.6,3.00,2.6,2.6,3.00,2.6,2.6,#5 Amalie Langer,0.860,-0.646,-0.284,0.389,0.694,-0.964,0.505,0.132,0.000,1.278,1.170,-0.367,5.8,0.3,0.9,2.2,-1.0,8.2,68.5%,5.6,#5 Amalie Langer,0.605,-0.386,-0.170,0.477,0.476,-0.655,0.560,-0.058,0.000,0.206,0.567,-0.439,5.4,0.2,0.5,-1.2,-1.0,4.0,68.5%,2.7,#5 Amalie Langer (2nd),2.0,2.6,637,27.7,2.9,2.9,0.0,2.0,3.35,23.6,0.0,-0.6,2.9,2.9,0.0
6,#10 Marija Galic,21,2,,17,2,4,0.5,0,1,0,2,3,0.667,,0,0,-,2,4,6,3,1,3,2,0,4,4,1.00,3.7,35,1,10.6,11.6,0.0,0.0,8.7,5.8,5.8,11.6,17.4,2.9,8.7,0.0,45.7%,30.0%,0.0%,44.1%,309.5%,10.5%,SF,3,8.9,4.5,4.5,3.00,4.5,4.5,3.00,4.5,4.5,3.00,4.5,4.5,2.2,3.5,3.5,3.02,3.5,3.5,3.00,3.5,3.5,3.00,3.5,3.5,#10 Marija Galic,0.860,-0.698,-0.307,0.389,0.978,-0.964,0.235,0.173,0.000,1.053,0.780,-0.367,1.0,2.9,3.4,9.8,0.7,17.8,1.8%,0.3,#10 Marija Galic,0.605,-0.419,-0.184,0.477,0.476,-0.844,0.445,0.076,0.000,0.279,0.175,-0.439,1.5,-0.8,3.5,2.3,0.2,6.8,1.8%,0.1,#10 Marija Galic (4th),4.5,3.5,17,8.5,12.5,5.7,6.9,0.2,0.27,2.8,144.3,-4.3,-2.5,-3.2,0.7
7,#12 Sofia Persson,21,15,,186,12,43,0.279,4,26,0.154,8,17,0.471,,8,10,0.8,3,16,19,14,2,2,15,11,36,47,0.76,31.9,378,0,8.4,11.4,2.6,1.1,3.7,4.0,0.8,4.2,5.0,0.5,0.5,2.9,13.2%,5.5%,12.8%,18.8%,18.9%,0.2%,PG,1,2.9,2.5,2.5,3.00,2.5,2.5,3.00,2.5,2.5,3.00,2.5,2.5,4.7,4.6,4.6,3.02,4.6,4.6,3.00,4.6,4.6,3.00,4.6,4.6,#12 Sofia Persson,0.860,-0.756,-0.333,0.389,0.751,-0.964,0.450,0.140,0.000,1.233,1.092,-0.367,-1.8,-1.0,1.0,0.2,2.0,0.2,20.0%,0.0,#12 Sofia Persson,0.605,-0.456,-0.201,0.477,0.476,-0.693,0.537,-0.031,0.000,0.221,0.489,-0.439,-0.1,-1.0,0.3,-0.9,0.3,-1.5,20.0%,-0.3,#12 Sofia Persson (3rd),2.5,4.6,186,12.4,-5.0,-2.6,-2.5,-1.0,-0.61,9.8,88.0,-3.0,-4.4,-2.7,-1.7
8,#13 Lucie Hoskova,21,23,,662,131,252,0.52,12,35,0.343,119,217,0.548,,47,78,0.603,47,80,127,24,22,3,49,62,321,286,1.12,296.3,1346,105,22.0,18.7,5.8,0.9,1.8,3.6,3.5,5.9,9.4,1.6,0.2,4.6,24.8%,17.0%,20.3%,9.1%,7.9%,29.0%,SG,2,3.9,3.7,3.7,3.00,3.7,3.7,3.00,3.7,3.7,3.00,3.7,3.7,2.9,3.0,3.0,3.02,3.0,3.0,3.00,3.0,3.0,3.00,3.0,3.0,#13 Lucie Hoskova,0.860,-0.669,-0.294,0.389,0.891,-0.964,0.317,0.160,0.000,1.122,0.900,-0.367,5.1,-1.9,2.1,0.3,0.0,5.5,71.2%,3.9,#13 Lucie Hoskova,0.605,-0.400,-0.176,0.477,0.476,-0.786,0.480,0.035,0.000,0.257,0.295,-0.439,5.2,-2.0,1.9,-1.5,0.0,3.6,71.2%,2.5,#13 Lucie Hoskova (2nd),3.7,3.0,662,28.8,0.2,2.4,-2.2,0.2,1.59,24.5,0.0,-0.5,0.2,2.4,-2.2
9,#14 Jessica McdowellWhite,21,14,,358,27,73,0.37,14,50,0.28,13,23,0.565,,5,8,0.625,5,35,40,49,14,2,31,26,73,77,0.95,66.4,728,15,9.1,10.0,1.1,1.9,6.7,4.3,0.7,4.8,5.5,1.9,0.3,3.6,14.5%,20.0%,15.7%,34.2%,9.8%,7.8%,PG,1,2.0,1.9,1.9,3.00,1.9,1.9,3.00,1.9,1.9,3.00,1.9,1.9,3.1,3.2,3.2,3.02,3.2,3.2,3.00,3.2,3.2,3.00,3.2,3.2,#14 Jessica McdowellWhite,0.860,-0.679,-0.299,0.389,0.679,-0.964,0.519,0.130,0.000,1.290,1.191,-0.367,1.5,0.5,1.0,1.5,-0.2,4.2,38.5%,1.6,#14 Jessica McdowellWhite,0.605,-0.407,-0.179,0.477,0.476,-0.645,0.566,-0.065,0.000,0.202,0.588,-0.439,2.2,0.5,0.1,-1.0,-0.9,0.8,38.5%,0.3,#14 Jessica McdowellWhite (1st),1.9,3.2,358,25.6,-1.1,-0.3,-0.8,-0.4,0.34,19.9,30.7,-1.3,-1.1,-0.4,-0.7
10,#21 Ioanna Krimili,21,23,,742,137,303,0.452,81,176,0.46,56,127,0.441,,75,83,0.904,20,57,77,50,20,6,54,40,430,340,1.27,400.8,1509,173,26.6,20.1,5.5,5.4,3.3,3.6,1.3,3.8,5.1,1.3,0.4,2.7,13.4%,13.8%,11.7%,16.8%,14.2%,42.9%,SG,2,2.7,2.7,2.7,3.00,2.7,2.7,3.00,2.7,2.7,3.00,2.7,2.7,1.2,1.4,1.4,3.02,1.4,1.4,3.00,1.4,1.4,3.00,1.4,1.4,#21 Ioanna Krimili,0.860,-0.580,-0.255,0.389,0.768,-0.964,0.434,0.143,0.000,1.219,1.068,-0.367,11.9,-0.9,1.1,1.1,-2.4,10.7,79.8%,8.6,#21 Ioanna Krimili,0.605,-0.343,-0.151,0.477,0.476,-0.705,0.530,-0.023,0.000,0.226,0.464,-0.439,10.9,-0.9,0.6,-0.7,-1.0,8.9,79.8%,7.1,#21 Ioanna Krimili (4th),2.7,1.4,742,32.3,5.5,7.8,-2.3,4.4,5.96,27.5,0.0,0.1,5.5,7.8,-2.3
11,#24 Lucija Kostic,21,23,,595,26,79,0.329,0,1,0,26,78,0.333,,15,19,0.79,16,125,141,102,30,18,46,58,67,87,0.77,59.5,1210,1,4.9,6.5,1.6,0.0,8.4,3.8,1.3,10.3,11.7,2.5,1.5,4.8,30.7%,25.7%,21.1%,42.8%,53.0%,0.3%,PF,4,3.7,3.7,3.7,3.00,3.7,3.7,3.00,3.7,3.7,3.00,3.7,3.7,3.1,3.2,3.2,3.02,3.2,3.2,3.00,3.2,3.2,3.00,3.2,3.2,#24 Lucija Kostic,0.860,-0.680,-0.299,0.389,0.892,-0.964,0.317,0.161,0.000,1.121,0.899,-0.367,-0.7,3.9,2.1,2.4,0.2,7.9,64.0%,5.0,#24 Lucija Kostic,0.605,-0.407,-0.179,0.477,0.476,-0.787,0.480,0.036,0.000,0.257,0.294,-0.439,0.0,1.0,1.0,-1.0,0.1,1.1,64.0%,0.7,#24 Lucija Kostic (1st),3.7,3.2,595,25.9,2.6,0.0,2.6,1.6,2.93,22.0,0.0,-0.9,2.6,0.0,2.6
12,#32 Julia Nielacna,21,9,,130,28,63,0.444,6,17,0.353,22,46,0.478,,10,17,0.588,10,25,35,3,1,2,16,16,72,70,1.02,65.9,264,19,24.9,23.8,6.4,2.3,1.1,6.1,3.8,9.5,13.2,0.4,0.8,6.1,34.9%,3.9%,26.7%,5.8%,27.0%,26.4%,SF,3,5.6,4.9,4.9,3.00,4.8,4.8,3.00,4.8,4.8,3.00,4.8,4.8,3.4,3.5,3.5,3.02,3.5,3.5,3.00,3.5,3.5,3.00,3.5,3.5,#32 Julia Nielacna,0.860,-0.698,-0.307,0.389,1.017,-0.964,0.198,0.179,0.000,1.022,0.727,-0.367,3.7,-4.7,2.4,-1.3,0.7,0.9,14.0%,0.1,#32 Julia Nielacna,0.605,-0.419,-0.185,0.477,0.476,-0.870,0.429,0.095,0.000,0.290,0.121,-0.439,5.0,-4.7,2.5,-2.5,0.2,0.5,14.0%,0.1,#32 Julia Nielacna (3rd),4.8,3.5,130,14.4,-4.4,-0.6,-3.8,-0.6,-0.33,10.0,106.7,-3.0,-3.8,-1.7,-2.1
13,#34 Leilah Vigil,21,4,,60,10,25,0.4,1,4,0.25,9,21,0.429,,1,3,0.333,6,17,23,5,2,1,2,11,22,26,0.84,19.7,122,2,16.2,20.5,2.5,0.8,4.1,1.6,4.9,13.9,18.8,1.6,0.8,9.0,49.6%,17.0%,39.7%,20.8%,29.2%,6.4%,SF,3,6.2,4.7,4.7,3.00,4.7,4.7,3.00,4.7,4.7,3.00,4.7,4.7,4.1,4.0,4.0,3.02,4.0,4.0,3.00,4.0,4.0,3.00,4.0,4.0,#34 Leilah Vigil,0.860,-0.726,-0.319,0.389,1.002,-0.964,0.212,0.176,0.000,1.034,0.747,-0.367,-1.4,2.5,3.5,-1.0,1.4,5.0,6.5%,0.3,#34 Leilah Vigil,0.605,-0.437,-0.192,0.477,0.476,-0.860,0.435,0.088,0.000,0.286,0.142,-0.439,0.7,0.5,3.4,-3.4,0.4,1.7,6.5%,0.1,#34 Leilah Vigil (1st),4.7,4.0,60,15.0,-0.3,0.6,-0.9,0.0,0.11,7.5,130.0,-3.4,-2.4,-2.2,-0.3
14,#35 Jumoke Adaramoye,21,8,,27,3,10,0.3,0,1,0,3,9,0.333,,2,2,1,2,9,11,0,4,1,4,6,8,11,0.74,7.1,55,0,12.9,18.2,3.6,0.0,0.0,7.3,3.6,16.4,20.0,7.3,1.8,10.9,52.7%,75.7%,48.1%,0.0%,64.9%,-1.5%,SF,3,6.4,4.2,4.2,3.00,4.2,4.2,3.00,4.2,4.2,3.00,4.2,4.2,6.1,4.7,4.7,3.02,4.7,4.7,3.00,4.7,4.7,3.00,4.7,4.7,#35 Jumoke Adaramoye,0.860,-0.765,-0.337,0.389,0.941,-0.964,0.269,0.168,0.000,1.082,0.831,-0.367,-4.1,-7.0,3.7,5.4,2.4,0.4,2.9%,0.0,#35 Jumoke Adaramoye,0.605,-0.462,-0.203,0.477,0.476,-0.820,0.460,0.059,0.000,0.270,0.226,-0.439,-1.4,-6.0,2.6,-2.4,0.7,-6.4,2.9%,-0.2,#35 Jumoke Adaramoye (3rd),4.2,4.7,27,3.4,-4.9,-7.5,2.6,-0.1,-0.08,2.3,141.0,-4.4,-4.4,-4.9,0.4
15,#55 Abby Rathbun,21,23,,549,49,102,0.48,2,13,0.154,47,89,0.528,,28,45,0.622,40,46,86,38,21,3,31,60,128,122,1.05,117.5,1116,36,10.5,9.1,4.0,0.2,3.4,2.8,3.6,4.1,7.7,1.9,0.3,5.4,20.3%,19.5%,23.7%,17.3%,9.6%,12.0%,SG,2,3.2,3.1,3.1,3.00,3.1,3.1,3.00,3.1,3.1,3.00,3.1,3.1,3.8,3.8,3.8,3.02,3.8,3.8,3.00,3.8,3.8,3.00,3.8,3.8,#55 Abby Rathbun,0.860,-0.715,-0.315,0.389,0.816,-0.964,0.388,0.150,0.000,1.181,1.002,-0.367,1.3,0.1,2.0,0.5,1.1,5.1,59.1%,3.0,#55 Abby Rathbun,0.605,-0.430,-0.189,0.477,0.476,-0.737,0.510,0.000,0.000,0.238,0.398,-0.439,1.8,-0.4,1.8,-1.8,0.4,1.7,59.1%,1.0,#55 Abby Rathbun (3rd),3.1,3.8,549,23.9,-0.2,0.6,-0.8,-0.1,1.07,20.3,0.0,-1.2,-0.2,0.6,-0.8
1,#3 Lexie Pritchard,21,23,,610,56,157,0.357,7,37,0.189,49,120,0.408,,25,36,0.694,15,39,54,45,28,2,48,35,144,173,0.83,139.5,1225,24,11.4,12.8,2.9,0.6,3.7,3.9,1.2,3.2,4.4,2.3,0.2,2.9,11.4%,21.0%,13.8%,24.5%,6.3%,7.5%,SG,2,2.0,2.0,2.0,3.03,1.9,1.9,3.01,1.9,1.9,3.00,1.9,1.9,3.7,3.8,3.8,3.02,3.7,3.7,3.00,3.7,3.7,3.00,3.7,3.7,#3 Lexie Pritchard,0.860,-0.710,-0.313,0.389,0.686,-0.964,0.512,0.131,0.000,1.285,1.182,-0.367,0.0,-1.3,1.0,2.1,0.6,2.4,66.3%,1.6,#3 Lexie Pritchard,0.605,-0.427,-0.188,0.477,0.476,-0.650,0.563,-0.062,0.000,0.204,0.579,-0.439,1.1,-0.8,0.5,-0.7,-0.6,-0.5,66.3%,-0.3,#3 Lexie Pritchard (1st),1.9,3.7,610,26.5,-2.6,-2.3,-0.3,-1.7,-0.40,22.6,0.0,-0.8,-2.6,-2.3,-0.3
2,#4 Anna Johnson,21,8,,25,1,7,0.143,1,4,0.25,0,3,0,,0,0,,1,1,2,0,2,0,2,2,3,7,0.43,2.8,50,-2,5.6,13.9,0.0,2.0,0.0,4.0,2.0,2.0,4.0,4.0,0.0,4.0,10.3%,36.6%,19.3%,0.0%,0.0%,-14.4%,SG,2,2.3,2.1,2.1,3.03,2.1,2.1,3.01,2.1,2.1,3.00,2.1,2.1,7.2,5.1,5.0,3.02,5.1,5.0,3.00,5.1,5.0,3.00,5.1,5.0,#4 Anna Johnson,0.860,-0.780,-0.343,0.389,0.700,-0.964,0.498,0.133,0.000,1.273,1.162,-0.367,-5.3,-3.8,1.3,3.6,2.4,-1.9,2.7%,-0.1,#4 Anna Johnson,0.605,-0.472,-0.208,0.477,0.476,-0.659,0.557,-0.055,0.000,0.208,0.558,-0.439,-2.2,-2.6,1.0,-0.9,0.1,-4.7,2.7%,-0.1,#4 Anna Johnson (4th),2.1,5.0,25,3.1,-6.9,-6.5,-0.4,-0.2,-0.13,2.1,141.7,-4.4,-4.8,-4.7,-0.1
3,#5 Merle Wiehl,21,23,,565,99,190,0.521,37,85,0.435,62,105,0.59,,12,19,0.632,36,83,119,27,29,3,48,34,247,198,1.25,241.8,1134,109,21.3,16.8,1.7,3.3,2.4,4.2,3.2,7.3,10.5,2.6,0.3,3.0,27.1%,23.5%,14.5%,15.9%,10.2%,37.0%,SF,3,3.6,3.6,3.6,3.03,3.6,3.6,3.01,3.6,3.6,3.00,3.6,3.6,1.8,2.0,2.0,3.02,1.9,1.9,3.00,1.9,1.9,3.00,1.9,1.9,#5 Merle Wiehl,0.860,-0.612,-0.269,0.389,0.870,-0.964,0.338,0.157,0.000,1.139,0.929,-0.367,8.9,-2.0,2.2,2.1,-1.5,9.7,61.4%,6.0,#5 Merle Wiehl,0.605,-0.363,-0.160,0.477,0.476,-0.772,0.489,0.025,0.000,0.252,0.325,-0.439,8.1,-2.1,1.7,-0.6,-0.5,6.7,61.4%,4.1,#5 Merle Wiehl (5th),3.6,1.9,565,24.6,4.7,4.8,-0.2,2.9,4.09,20.9,0.0,-1.1,4.7,4.8,-0.2
4,#11 Bryce Nixon,21,23,,263,30,75,0.4,17,45,0.378,13,30,0.433,,3,5,0.6,1,9,10,12,13,1,22,10,80,77,1.04,78.0,528,26,14.8,14.2,0.9,3.2,2.3,4.2,0.2,1.7,1.9,2.5,0.2,1.9,4.9%,22.6%,9.2%,15.1%,7.3%,19.2%,SG,2,1.7,1.7,1.7,3.03,1.7,1.7,3.01,1.7,1.7,3.00,1.7,1.7,3.4,3.5,3.5,3.02,3.4,3.4,3.00,3.4,3.4,3.00,3.4,3.4,#11 Bryce Nixon,0.860,-0.694,-0.305,0.389,0.657,-0.964,0.539,0.127,0.000,1.308,1.221,-0.367,3.8,-2.5,0.3,2.8,0.1,4.4,28.6%,1.3,#11 Bryce Nixon,0.605,-0.416,-0.183,0.477,0.476,-0.631,0.575,-0.075,0.000,0.197,0.618,-0.439,4.4,-1.5,0.0,-0.2,-0.9,1.7,28.6%,0.5,#11 Bryce Nixon (2nd),1.7,3.4,263,11.4,-0.6,-0.2,-0.5,-0.2,0.39,9.7,62.3,-3.0,-1.1,-0.7,-0.4
5,#12 Ashlee Maldonado,21,23,,492,46,126,0.365,14,54,0.259,32,72,0.444,,26,33,0.788,9,37,46,78,20,0,36,27,132,141,0.94,128.3,988,34,13.0,12.8,3.3,1.4,7.9,3.6,0.9,3.7,4.7,2.0,0.0,2.7,12.0%,18.6%,13.2%,52.6%,0.0%,13.3%,PG,1,1.0,1.0,1.0,3.03,0.9,1.0,3.01,0.9,1.0,3.00,0.9,1.0,1.4,1.6,1.6,3.02,1.6,1.6,3.00,1.6,1.6,3.00,1.6,1.6,#12 Ashlee Maldonado,0.860,-0.592,-0.261,0.389,0.580,-0.964,0.613,0.116,0.000,1.369,1.327,-0.367,3.3,1.1,1.0,1.8,-2.8,4.3,53.5%,2.3,#12 Ashlee Maldonado,0.605,-0.351,-0.154,0.477,0.476,-0.579,0.606,-0.112,0.000,0.177,0.725,-0.439,3.5,1.6,0.1,-0.8,-2.3,2.2,53.5%,1.2,#12 Ashlee Maldonado (2nd),1.0,1.6,492,21.4,-0.7,0.4,-1.1,-0.4,0.70,18.2,0.0,-1.6,-0.7,0.4,-1.1
6,#14 Katie Harris,21,5,,7,0,0,,0,0,-,0,0,,,2,2,1,1,0,1,0,0,1,1,0,2,1,2.27,2.0,14,1,14.1,0.0,14.2,0.0,0.0,7.1,7.1,0.0,7.1,0.0,7.1,0.0,18.3%,0.0%,0.0%,0.0%,273.7%,38.1%,C,5,8.3,5.4,5.0,3.03,5.4,5.0,3.01,5.4,5.0,3.00,5.4,5.0,2.7,3.8,3.8,3.02,3.8,3.8,3.00,3.8,3.8,3.00,3.8,3.8,#14 Katie Harris,0.860,-0.715,-0.315,0.389,1.034,-0.964,0.181,0.181,0.000,1.008,0.703,-0.367,7.6,-6.9,1.3,5.0,1.1,8.2,0.8%,0.1,#14 Katie Harris,0.605,-0.430,-0.189,0.477,0.476,-0.882,0.422,0.103,0.000,0.294,0.097,-0.439,5.8,-6.3,3.0,0.7,0.4,3.6,0.8%,0.0,#14 Katie Harris (4th),5.0,3.8,7,1.4,3.1,1.8,1.4,0.0,0.04,0.8,147.7,-4.6,-4.3,-4.3,0.1
7,#22 Ashlyn Herlihy,21,23,,710,98,203,0.483,24,56,0.429,74,147,0.503,,46,58,0.793,40,112,152,29,20,10,57,60,266,229,1.16,260.0,1425,107,18.2,14.2,4.1,1.7,2.0,4.0,2.8,7.9,10.7,1.4,0.7,4.2,27.5%,12.9%,20.4%,13.6%,27.0%,28.9%,SF,3,4.4,4.3,4.3,3.03,4.2,4.2,3.01,4.2,4.2,3.00,4.2,4.2,2.6,2.7,2.7,3.02,2.7,2.7,3.00,2.7,2.7,3.00,2.7,2.7,#22 Ashlyn Herlihy,0.860,-0.653,-0.287,0.389,0.947,-0.964,0.264,0.169,0.000,1.077,0.822,-0.367,5.9,-1.9,2.1,0.5,-0.4,6.1,77.2%,4.7,#22 Ashlyn Herlihy,0.605,-0.390,-0.172,0.477,0.476,-0.824,0.457,0.062,0.000,0.272,0.217,-0.439,5.6,-2.3,1.8,-1.3,-0.1,3.6,77.2%,2.8,#22 Ashlyn Herlihy (3rd),4.2,2.7,710,30.9,1.1,1.8,-0.7,0.8,2.38,26.3,0.0,-0.1,1.1,1.8,-0.7
8,#23 Lindsey VanAllen,21,22,,618,81,204,0.397,28,84,0.333,53,120,0.442,,82,105,0.781,15,74,89,25,29,4,45,43,272,250,1.09,265.4,1241,98,21.4,16.4,8.5,2.3,2.0,3.6,1.2,6.0,7.2,2.3,0.3,3.5,18.5%,21.5%,16.8%,13.4%,12.4%,30.4%,PG,1,3.1,2.9,2.9,3.03,2.9,2.9,3.01,2.9,2.9,3.00,2.9,2.9,2.5,2.6,2.6,3.02,2.6,2.6,3.00,2.6,2.6,3.00,2.6,2.6,#23 Lindsey VanAllen,0.860,-0.648,-0.285,0.389,0.796,-0.964,0.408,0.147,0.000,1.197,1.031,-0.367,6.2,-1.9,1.4,1.9,-0.6,6.9,67.2%,4.7,#23 Lindsey VanAllen,0.605,-0.387,-0.170,0.477,0.476,-0.723,0.519,-0.010,0.000,0.233,0.427,-0.439,6.2,-1.7,0.6,-0.8,-0.3,4.0,67.2%,2.7,#23 Lindsey VanAllen (2nd),2.9,2.6,618,28.1,1.9,2.2,-0.3,1.3,2.62,23.8,0.0,-0.6,1.9,2.2,-0.3
9,#24 Shayley Harris,21,17,,136,9,24,0.375,0,0,-,9,24,0.375,,2,4,0.5,16,16,32,1,6,4,14,15,20,26,0.78,19.3,273,2,7.1,8.8,1.5,0.0,0.4,5.1,5.9,5.9,11.7,2.2,1.5,5.5,30.2%,20.2%,26.6%,2.4%,56.3%,2.9%,C,5,5.4,5.3,5.0,3.03,5.2,5.0,3.01,5.2,5.0,3.00,5.2,5.0,5.6,5.2,5.0,3.02,5.1,5.0,3.00,5.1,5.0,3.00,5.1,5.0,#24 Shayley Harris,0.860,-0.780,-0.343,0.389,1.034,-0.964,0.181,0.181,0.000,1.008,0.703,-0.367,-1.3,-4.6,2.1,1.2,2.8,0.3,14.8%,0.0,#24 Shayley Harris,0.605,-0.472,-0.208,0.477,0.476,-0.882,0.422,0.103,0.000,0.294,0.097,-0.439,-0.2,-4.3,3.1,-1.6,0.9,-2.2,14.8%,-0.3,#24 Shayley Harris (1st),5.0,5.0,136,8.0,-4.8,-4.0,-0.7,-0.7,-0.41,6.5,104.7,-3.6,-4.3,-3.9,-0.4
10,#30 Lara Edmanson,21,20,,194,19,47,0.404,3,11,0.273,16,36,0.444,,11,17,0.647,14,39,53,0,7,7,13,34,52,54,0.95,50.6,389,14,13.0,12.1,4.4,0.8,0.0,3.3,3.6,10.0,13.6,1.8,1.8,8.7,35.1%,16.5%,42.3%,0.0%,69.1%,13.9%,SG,2,6.3,5.4,5.0,3.03,5.4,5.0,3.01,5.4,5.0,3.00,5.4,5.0,4.8,4.6,4.6,3.02,4.6,4.6,3.00,4.6,4.6,3.00,4.6,4.6,#30 Lara Edmanson,0.860,-0.759,-0.334,0.389,1.034,-0.964,0.181,0.181,0.000,1.008,0.703,-0.367,0.8,-3.2,2.5,-0.1,2.2,2.2,21.1%,0.5,#30 Lara Edmanson,0.605,-0.459,-0.202,0.477,0.476,-0.882,0.422,0.103,0.000,0.294,0.097,-0.439,1.8,-2.9,2.5,-3.1,0.7,-1.0,21.1%,-0.2,#30 Lara Edmanson (4th),5.0,4.6,194,9.7,-2.8,-2.8,0.0,-0.6,-0.18,8.1,85.3,-3.3,-3.0,-3.0,0.0
11,#31 Ashley Hiraki,21,23,,400,31,107,0.29,12,44,0.273,19,63,0.302,,44,58,0.759,13,30,43,37,24,2,42,48,118,133,0.89,114.5,803,26,14.3,13.3,7.2,1.5,4.6,5.2,1.6,3.7,5.4,3.0,0.2,6.0,13.8%,27.5%,29.0%,30.7%,9.6%,12.4%,PG,1,2.0,1.9,1.9,3.03,1.9,1.9,3.01,1.9,1.9,3.00,1.9,1.9,2.9,3.0,3.0,3.02,3.0,3.0,3.00,3.0,3.0,3.00,3.0,3.0,#31 Ashley Hiraki,0.860,-0.670,-0.295,0.389,0.677,-0.964,0.521,0.130,0.000,1.292,1.194,-0.367,1.8,-1.9,1.3,2.0,-0.5,2.7,43.5%,1.2,#31 Ashley Hiraki,0.605,-0.401,-0.176,0.477,0.476,-0.644,0.567,-0.066,0.000,0.202,0.591,-0.439,2.7,-1.2,0.7,-1.9,-1.0,-0.6,43.5%,-0.3,#31 Ashley Hiraki (1st),1.9,3.0,400,17.4,-2.4,-2.5,0.1,-1.0,-0.15,14.8,16.7,-2.2,-2.3,-2.4,0.1
12,#33 Danja Stafford,21,21,,242,15,42,0.357,0,0,-,15,42,0.357,,19,24,0.792,24,30,54,7,11,9,21,39,49,53,0.93,47.6,486,12,9.8,8.6,4.9,0.0,1.4,4.3,4.9,6.2,11.1,2.3,1.9,8.0,28.7%,20.8%,38.9%,9.6%,71.3%,9.8%,SF,3,5.3,4.9,4.9,3.03,4.9,4.9,3.01,4.9,4.9,3.00,4.9,4.9,4.5,4.4,4.4,3.02,4.4,4.4,3.00,4.4,4.4,3.00,4.4,4.4,#33 Danja Stafford,0.860,-0.747,-0.329,0.389,1.022,-0.964,0.193,0.179,0.000,1.018,0.720,-0.367,0.3,-2.7,2.1,0.7,2.0,2.4,26.3%,0.6,#33 Danja Stafford,0.605,-0.451,-0.198,0.477,0.476,-0.874,0.427,0.097,0.000,0.291,0.114,-0.439,1.1,-3.1,2.7,-2.7,0.6,-1.4,26.3%,-0.4,#33 Danja Stafford (3rd),4.9,4.4,242,11.5,-2.7,-3.2,0.5,-0.7,-0.18,9.7,69.3,-3.1,-2.8,-3.2,0.4
13,#34 Lana Hollingsworth,21,23,,336,39,100,0.39,9,30,0.3,30,70,0.429,,17,23,0.739,33,28,61,16,12,5,22,34,104,110,0.94,101.1,675,27,15.0,14.8,3.4,1.3,2.4,3.3,4.9,4.2,9.0,1.8,0.7,5.0,23.3%,16.3%,24.4%,15.8%,28.5%,15.6%,SG,2,3.9,3.7,3.7,3.03,3.6,3.6,3.01,3.6,3.6,3.00,3.6,3.6,3.6,3.7,3.7,3.02,3.6,3.6,3.00,3.6,3.6,3.00,3.6,3.6,#34 Lana Hollingsworth,0.860,-0.705,-0.310,0.389,0.877,-0.964,0.330,0.159,0.000,1.133,0.919,-0.367,1.9,-1.1,2.3,0.8,0.9,4.8,36.5%,1.8,#34 Lana Hollingsworth,0.605,-0.424,-0.186,0.477,0.476,-0.777,0.486,0.029,0.000,0.254,0.314,-0.439,2.8,-1.4,2.5,-1.5,0.3,2.6,36.5%,1.0,#34 Lana Hollingsworth (1st),3.6,3.6,336,14.6,-0.2,0.8,-1.0,-0.1,0.66,12.4,38.0,-2.6,-0.4,0.5,-0.9
